session_id,regime,capacity_ah,health_factor,ohmic_resistance,ambient_temp,max_current,shock_steps
0,gaussian,56.9889628523367,1.0245785737050908,0.018728525444738044,26.381218778758512,42.80093202212183,0
1,gaussian,60.82694139017393,0.9729196743226345,0.016016021090100883,28.71498793492737,40.14907396656578,0
2,gaussian,50.63366876826009,0.9802755437871062,0.015489103140184113,29.820999158354624,39.90412903921223,0
3,gaussian,64.22659755394587,1.0238380535899532,0.013189777903771025,24.65569250990103,66.71698698556021,0
4,gaussian,71.42848739971402,0.995179915514826,0.014513683324726804,29.20102804907615,79.22916464605939,0
5,gaussian,51.4878406180921,0.9756266418159512,0.01077592254035544,18.996179504290737,63.69329248385482,0
6,gaussian,49.31064727712326,1.0269029831458034,0.016099240483311194,22.072275959242155,58.470342099462904,0
7,gaussian,71.84587614766124,0.9392372329814349,0.018203502736149943,20.42754492688567,71.23934874791931,0
8,gaussian,57.475374789078145,0.9910651638506256,0.011819991025432155,31.0570734075947,54.15294032105018,0
9,gaussian,50.925341089928615,0.9760732773590959,0.017072007432770136,23.03074586722102,58.76795338404342,0
10,gaussian,68.20633618750207,0.9841764216701302,0.010759071052745846,27.17581975523997,35.41326489729292,0
11,gaussian,71.21311696339845,0.9682520919485412,0.014776314461484029,29.85171086147808,56.34526603181518,0
12,gaussian,65.0407043442055,0.9222025887971678,0.016997004912349813,22.683293638006162,35.441592171136726,0
13,gaussian,69.35918084992036,1.0064380511706772,0.013544596852429371,25.63011782013517,46.19486166528425,0
14,gaussian,48.353373404671956,1.0022859475996928,0.011095376960619817,21.636513105436062,62.57451476756684,0
15,gaussian,68.40095651983665,0.986350770574497,0.011767432777366905,28.17060160894164,45.37296007399392,0
16,gaussian,49.453254149790254,0.9955503337591526,0.016822891052973007,22.891951577713034,70.25944894586773,0
17,gaussian,70.0984173566048,0.9685976139486866,0.018984761462807365,25.65794190473929,47.83134019576139,0
18,gaussian,55.84509095436767,1.017720005108139,0.010284652919216625,23.688584622654155,36.569981490637055,0
19,gaussian,54.99137871058771,0.9861688084893689,0.011972873599909638,25.68181757848731,77.87732949684224,0
20,gaussian,71.87639536948302,0.9532638371811876,0.012937011854882925,25.95046767627567,76.7563081671602,0
21,gaussian,65.53625688070647,0.9297828769231016,0.014326846173930671,30.759366526592025,62.8333843168502,0
22,gaussian,48.9809754596552,0.9585814988771092,0.018276464538641676,26.03151748407368,83.90336544231113,0
23,gaussian,69.5681461335273,0.946835982956042,0.013514900999753544,19.713751293611935,72.955954779213,0
24,gaussian,70.77611488014657,1.02351377341685,0.01213614756569823,20.592051584352323,43.16907282322752,0
25,gaussian,59.033063242760846,0.9369351932335994,0.013893564379773836,30.007059699910617,79.8779204943082,0
26,gaussian,53.819511153494815,0.9775571782763978,0.01224314623509705,21.93789830102355,60.80026460868956,0
27,gaussian,55.09705848537237,0.9218693674545845,0.01246747720775024,23.542369918243892,44.87143542002855,0
28,gaussian,60.50630565582609,1.0268815547724766,0.017802156527601205,22.029764103075227,47.03996549690692,0
29,gaussian,58.172964146176724,0.9796828154124195,0.021838095954950898,29.380608367390433,80.18562158151958,0
30,gaussian,54.60118292621745,0.9851265262292115,0.010326435011835403,21.447159127785444,52.027364265854374,0
31,gaussian,64.26235705892262,0.9264929381902466,0.014142839671173472,29.853955712655267,73.714564519058,0
32,gaussian,67.40384017174051,1.0280422364144128,0.012231593086986025,22.11312790644746,65.47452492397485,0
33,gaussian,63.203734844105014,0.964535218663936,0.015643217282026823,29.22002568743444,51.62496863398192,0
34,gaussian,70.30775129585456,0.9273757867644163,0.013766536541986337,27.134495762111534,50.772650142239456,0
35,gaussian,50.12730167676564,0.9287831664329601,0.013798160583562086,18.503270336744247,60.02148682596322,0
36,gaussian,66.98817278933824,0.953104388752059,0.01089879351318921,31.84386442927004,47.53644396221624,0
37,gaussian,70.82430034380872,1.0081677092028214,0.012456769889715858,23.4782070230292,81.38960476102689,0
38,gaussian,70.87208358710417,0.9772333108057513,0.012223508751378603,19.509035665189977,62.082977458268275,0
39,gaussian,65.8359281302675,0.9314766837992855,0.017165865363669597,31.969332378161276,43.694645339450034,0
40,gaussian,56.96833298587441,1.0006254658423717,0.01019410271839505,18.207369868067474,36.465672877377855,0
41,gaussian,66.73067451796612,1.021077971549882,0.011631604327511551,22.814463512908084,37.77787479042815,0
42,gaussian,51.33155416200444,0.9914222443052675,0.02093324670643354,19.603510369439793,64.4626982832461,0
43,gaussian,67.18031837282342,0.9890810096807292,0.011271271824656244,30.425591833780928,80.87251173948734,0
44,gaussian,67.69204340508696,0.971353320496835,0.014873267312059783,31.49191898081818,53.442904708016655,0
45,gaussian,67.21016097701369,0.9486317941495395,0.015258010286658349,19.408257289519327,80.17356565848604,0
46,gaussian,61.738536490743265,0.9758656406062831,0.01056808169186147,31.72891196674032,82.80527636203254,0
47,gaussian,59.82526403399054,1.0132151409757502,0.013711708900380452,30.377071434063566,55.17309849534452,0
48,gaussian,67.2326423126388,0.9514655124645308,0.013673730977010684,26.242503352940616,47.994467387062166,0
49,gaussian,71.76937537269791,0.92865915505129,0.01166163960155449,19.180978313487977,61.922902328906886,0
50,gaussian,49.10241136933884,1.0173114007137374,0.010790924701242554,18.42827578984923,35.10077870501101,0
51,gaussian,67.42421219940039,0.9442743157021435,0.015099126335806682,18.22479993522034,40.244077164089106,0
52,gaussian,66.82412054585357,1.0290924231092322,0.011987134044167751,19.061092068619935,72.28654256067702,0
53,gaussian,57.527089235566464,1.026404172610439,0.011984274965865155,23.399958265808838,74.52607549460163,0
54,gaussian,67.87969000918869,0.9369380301068692,0.021602683422876943,31.01891830187078,78.54389063803566,0
55,gaussian,69.1089317548783,0.9541693664517239,0.01721625465637562,25.029333267794847,41.50235026073414,0
56,gaussian,49.62114485040446,0.9531141968859866,0.013496612027414817,18.81539494711185,77.16815483331578,0
57,gaussian,55.621066710370414,1.011657078035832,0.012550781850001864,19.000411508069167,38.42709710932784,0
58,gaussian,67.06439522147292,0.9405999543419478,0.016307821772651186,27.977685038973092,49.208735182952985,0
59,gaussian,58.96635170283507,0.980423547972139,0.015540768894604852,23.56501927600036,72.04568197841184,0
60,gaussian,66.13788908720151,0.9786076512714825,0.021327510789253008,26.893360902985734,61.696590200149984,0
61,gaussian,69.94777587871336,0.9930269165630226,0.01780801096041366,22.838205249362566,73.5295071713044,0
62,gaussian,63.2708387326621,1.0274620999167923,0.01953388300375073,23.24351369222271,81.61829616685424,0
63,gaussian,50.05031685033954,0.9486606235890743,0.012628182879132695,25.939065269265768,77.19511891952264,0
64,gaussian,48.74944000231053,0.9811506900417539,0.01833270269509715,26.122005199060037,68.81846087969458,0
65,gaussian,65.28134995399424,0.9256934738334115,0.01624852146446563,23.044497367250003,75.55735725366753,0
66,gaussian,62.98006370769747,1.0243997594180148,0.010799545155228496,28.038061049440635,35.06282035471566,0
67,gaussian,57.684105609024,1.0189343612212887,0.010269127707230387,26.744194615948324,79.38414525116417,0
68,gaussian,54.784056726037,1.0234179742611986,0.013557782958481333,23.03451575444985,37.20741035971299,0
69,gaussian,65.41775292033326,1.0069512891658394,0.017164099896298836,22.04279143702248,52.883162480875285,0
70,gaussian,63.91925342515122,0.9584088899439759,0.017372177548239394,22.238472958314993,72.30141781796613,0
71,gaussian,57.457761957735485,0.9286780463214764,0.014478819972287428,22.802448089197483,67.3590375772464,0
72,gaussian,64.37713763610306,0.9762935516151329,0.014349199390074022,21.4714142283221,58.20771936223663,0
73,gaussian,55.14699098684926,1.0142434569077594,0.017060197635821957,18.794238715666623,42.66307191572153,0
74,gaussian,68.45257811289994,0.981492273562558,0.013061530310986093,25.66554759347539,37.21422471217434,0
75,gaussian,68.22594255765397,1.0120124539500452,0.021391493599390823,27.22229540441446,74.19125488804983,0
76,gaussian,63.55155328044965,0.9335465397067779,0.013477972331134212,30.06701078327744,53.1491977707598,0
77,gaussian,58.82643167285735,0.9387223054171664,0.02128184823106879,27.876384958348318,56.67917141372254,0
78,gaussian,57.874455049617296,0.928746131945915,0.016687174430785344,26.77009882492665,82.7692036030509,0
79,gaussian,71.38542708006379,0.9466509703317089,0.020911547451469673,28.346209820282954,84.17251831897661,0
80,gaussian,70.29026766035464,0.9201489995654751,0.02162019835579644,21.907956537539548,49.37539217413176,0
81,gaussian,70.18118283863205,1.0198261015576524,0.011188368564144301,21.67411664632149,68.60909829616392,0
82,gaussian,69.25764578733649,0.9299040570043203,0.018894293833269644,29.495951358326444,43.160535497634065,0
83,gaussian,68.64191379052603,0.9850621336438693,0.01696260227594846,20.8265589522285,66.01942824947992,0
84,gaussian,58.89140177928653,1.0148988633065683,0.019295246880096796,26.143811948171276,77.52112530591548,0
85,gaussian,62.18671553173264,0.9306006731991577,0.01945733837245848,29.194178023352528,76.03174079243318,0
86,gaussian,67.67728342818677,0.9272793708146407,0.015367160796749364,28.97889571058325,73.41509318956518,0
87,gaussian,58.61182167083835,1.014420123327081,0.010549948588921521,21.81424604592609,78.9534209958427,0
88,gaussian,57.25202868415753,0.9538396283439089,0.01747435601701788,20.163217547667852,71.0294027235626,0
89,gaussian,59.055338314860535,1.0086769612703597,0.01849420656187596,18.442786625203823,35.077271144224525,0
90,gaussian,48.55853950384645,0.9476313435788074,0.020680299113698838,23.25982260556552,69.47025611503818,0
91,gaussian,71.78633653858462,0.978551927964512,0.016437285744311553,31.641825923204696,52.96141646839965,0
92,gaussian,60.45352815198409,0.996092559592367,0.020533712990333287,26.38094082578877,55.76466431443754,0
93,gaussian,67.06125984540219,0.997849291760338,0.020975413930167507,21.231859162130906,35.8159114321358,0
94,gaussian,55.31385139665842,1.0248113369182026,0.010998869889278187,21.36890569922213,50.90087108227923,0
95,gaussian,55.18587385761277,1.024563385309179,0.011598431835747236,19.891188169399154,73.5639934589917,0
96,gaussian,59.507079913531435,0.9444819081841074,0.020218348656786175,27.99256221077777,68.16529942499773,0
97,gaussian,52.062770806000046,1.0128718956259624,0.021455354758248526,19.174147575305458,61.690171502870626,0
98,gaussian,50.10053455483633,0.9498299312180944,0.02068654197625342,27.685694871884944,38.51443763541998,0
99,gaussian,55.43294108247584,0.9246443164122095,0.011155419717516437,21.102408570510566,42.69552313132075,0
100,gaussian,53.90236058188099,1.0188469542448408,0.017007193975820036,27.459800788730114,62.83805038453856,0
101,gaussian,57.35845742108687,0.9982036185671573,0.018101225844320983,18.79904524642007,78.98231064047954,0
102,gaussian,58.42436927719412,0.9335578689494214,0.016158401585753684,18.86035221082885,41.680464274984715,0
103,gaussian,68.83967876804022,0.9997495884834227,0.015458085462981023,22.358773092818478,64.10926299177707,0
104,gaussian,66.72786449735234,0.942342510029507,0.014684801031171164,23.607869131707005,43.54028129900753,0
105,gaussian,54.6213098065615,0.97938553581643,0.012823251284420665,30.592005763672468,42.174559425527555,0
106,gaussian,61.20474083817576,0.9758824754232388,0.010653435974324568,27.112249733938953,83.19288735593327,0
107,gaussian,61.99186823401422,0.9996584951914893,0.02090994281570639,20.946204308478446,48.980718111892436,0
108,gaussian,55.66087636905682,1.0077162764010974,0.018224826465352405,19.584321081608444,84.48766442389515,0
109,gaussian,52.08396968415465,0.9732247556502281,0.011360710323690803,28.822690828796116,74.75881289374985,0
110,gaussian,66.8013123907746,1.0274252339456216,0.017482985770037453,26.033671220559473,64.44239446120662,0
111,gaussian,57.0247802942586,1.0251964123709714,0.017669725521249274,19.29995145958566,71.82010546523296,0
112,gaussian,68.02297116175485,0.9911588948059573,0.020377197206825987,21.129106828014738,41.46648988291913,0
113,gaussian,60.5890536719309,0.9429295087797582,0.02053580224359209,18.17909191067526,63.57721876281562,0
114,gaussian,54.0331527565648,0.965364865869106,0.017509325271576746,24.363084312493225,74.58184309940647,0
115,gaussian,55.95684588518114,0.9674020225840738,0.014747127335690866,26.608616431410887,71.17612509346705,0
116,gaussian,64.42954194404348,0.9718236714187793,0.021807066468547437,27.923757682561565,53.70661275955693,0
117,gaussian,50.33166741165649,0.9331435092102378,0.021036389117748144,25.253026162056106,82.2720869505057,0
118,gaussian,49.89082554567588,0.9997764172243905,0.01573880612538472,27.94064119443108,42.931432588541234,0
119,gaussian,64.08883522940154,0.9714664524283312,0.01930641808678418,29.45757130640067,67.49183206418587,0
120,gaussian,51.27713558302805,0.9842253638822592,0.017355515892485716,29.995981614540064,37.84057609016515,0
121,gaussian,50.583533179294626,0.9277211864931235,0.012082512195322944,26.698229874524827,61.09557991229356,0
122,gaussian,66.47959375209109,1.0120148669725821,0.013405872870767895,21.96633159500017,69.48872927678053,0
123,gaussian,49.50445597935054,1.0111217399176615,0.01742909860253226,19.248933629629125,70.54804307254025,0
124,gaussian,66.41907298373907,0.9661997764932374,0.01013983806868624,30.851527559339416,71.42365420655898,0
125,gaussian,63.6052871618599,0.9784739335863124,0.014443743896494688,24.056422358697237,83.31015385390049,0
126,gaussian,64.04415574502708,0.9779997941710427,0.021000784319348625,31.82661645627376,38.11329486953779,0
127,gaussian,71.51690503737207,0.9216553682679994,0.02208626091979607,19.468655290590778,80.51941995106844,0
128,gaussian,51.39518207910936,0.9465802034273303,0.01349232054984689,25.257171103732297,72.87493248803952,0
129,gaussian,71.64074690639583,0.9748852346365252,0.011566898677619073,28.467193922206896,60.9744323102558,0
130,gaussian,66.76640928588137,0.9438204093733266,0.010720542216543645,27.75666965879904,39.85551496096505,0
131,gaussian,67.55248760190273,0.9587702899715486,0.015155776839083005,31.940581152365326,72.77543232719279,0
132,gaussian,55.83294284823471,1.0288263872143668,0.01678774379331998,28.011634671180197,40.33001921124731,0
133,gaussian,68.7150506714229,0.9760462321879878,0.020667409889981378,26.334094114193235,83.01017974043036,0
134,gaussian,57.44084891885484,1.0002879933052016,0.020042432726888538,28.960865380581268,76.05581864916309,0
135,gaussian,54.32838274825866,0.9953042163369754,0.016198751648743077,28.523745289744312,59.16268364078937,0
136,gaussian,56.06709823411672,1.0232488465252256,0.012986687694387785,19.186146465878462,55.55510990990757,0
137,gaussian,62.17549168320461,1.0057288565947968,0.013911893428034823,29.099311726901064,50.74425802873262,0
138,gaussian,63.93757898426726,0.9487550292174813,0.01911285442962962,29.967072426714832,46.80710135478993,0
139,gaussian,49.39988141164742,0.9448041841518152,0.017599784819178323,18.67193516636328,75.76702367411754,0
140,gaussian,64.6788347050807,0.9422491259847774,0.017214615417681246,24.02859311917632,43.27517147670957,0
141,gaussian,63.23021174403052,0.9836323625418205,0.017922384741028002,30.564695027436596,37.17997064832377,0
142,gaussian,67.32781282790826,0.9901321994792677,0.02044536477619624,28.64694346205559,41.83797274382696,0
143,gaussian,69.878416496891,0.9842391432642223,0.01945912478022503,28.83963459708459,54.28150841192458,0
144,gaussian,67.11180733484866,0.9345552169800572,0.014625157116471908,22.724778999049107,61.88677954286109,0
145,gaussian,56.25643533352023,0.9708942640199492,0.014903052683441925,20.689110194352196,61.89624942162602,0
146,gaussian,67.83389697508525,1.0275802777385137,0.021211266199698105,19.78775972664559,53.985464987833346,0
147,gaussian,66.8726472916239,0.975292951998806,0.015767730343418482,19.397429938960094,46.32986741898536,0
148,gaussian,60.964007509565526,0.9576066851193066,0.020890473429612623,25.25060589000661,67.31719410381294,0
149,gaussian,67.80539580227885,0.9366926430807099,0.011813367982972037,31.986229521769847,49.602606041045306,0
150,gaussian,57.642861312540916,1.0055308312965479,0.020093419912241436,22.72299998079249,83.59653891049084,0
151,gaussian,58.887358845207274,0.9355094789821518,0.012149499943275044,21.472743476229915,64.86014695539907,0
152,gaussian,71.37162822256604,0.9409913860036765,0.016126831277419273,22.115318050357175,56.78276805384703,0
153,gaussian,51.23905418551092,1.0153685657854175,0.019600311532596434,23.98111057031685,64.27377358429601,0
154,gaussian,68.09918889323177,0.9255601639940413,0.013063877091956751,18.43899101915542,84.57055876567122,0
155,gaussian,55.1975538996186,1.0282183064125499,0.011126155670980986,23.027277082835116,83.17749871242427,0
156,gaussian,62.35500701881693,0.9772927371948339,0.013432774505374992,29.14796632531849,69.6247359608758,0
157,gaussian,66.96786355811275,0.9708763591525023,0.011151241677675798,23.176691725643124,53.9107345334034,0
158,gaussian,64.9445053424935,0.9352203162875259,0.02120957731194131,31.73026743808586,38.441945107017666,0
159,gaussian,52.795462611262636,0.9504602971364401,0.02176182105915545,26.49849390476622,45.008192074177245,0
160,gaussian,65.9886203084706,0.9323457792175497,0.020880762564838534,26.760713752117645,49.34266461943658,0
161,gaussian,56.50704755246282,0.9839720660262737,0.016205435116549732,26.06263772064751,65.0259911673727,0
162,gaussian,66.7953602204853,0.9776051031087032,0.01681025606612111,31.684586240132603,76.86818740154143,0
163,gaussian,57.725669869473975,0.9715089219635901,0.013341768309773263,22.149080049238982,40.180585508616154,0
164,gaussian,60.23856270699323,0.9938166154504052,0.017392240405369717,22.96530681817613,61.59953622395684,0
165,gaussian,59.07916644206888,0.9401769649954989,0.014803600329938124,22.22376617818763,77.48417119960926,0
166,gaussian,48.713577113950265,0.9874449482167759,0.012171080490110195,31.2522421871151,84.83469021734,0
167,gaussian,64.36641096810845,0.9226429068126406,0.011871942660433992,19.899187687678314,79.29893092388019,0
168,gaussian,57.91245184970573,1.009085275381355,0.012468125977933656,23.08888042121163,47.51153156983409,0
169,gaussian,62.924639802085196,0.9888869891948399,0.016389062882001176,22.594021534997722,38.59081335961186,0
170,gaussian,56.14673611790719,0.9372720874421336,0.020301791361798195,18.329729284944854,43.77512089849874,0
171,gaussian,54.65091628464694,0.9326361070193383,0.02217605169233534,25.422797974578174,72.1785113549762,0
172,gaussian,68.36520118955697,0.9980826860519731,0.018974968131453294,27.970291690609912,81.25212929775256,0
173,gaussian,63.41659976194457,1.0069519887329768,0.01255327263973774,25.765451646728977,43.93207764073399,0
174,gaussian,57.9510094569369,0.9904195437787073,0.021428914133799208,22.51702350491415,78.63125125915093,0
175,gaussian,66.59948518519043,1.0174766369417527,0.019526018278159238,18.304752582884202,77.57983691187627,0
176,gaussian,68.99647468923494,0.9853506367875982,0.014192549745536326,24.936841978699086,35.16301510192718,0
177,gaussian,68.13293043515145,1.0153014585215572,0.016422281631563125,22.647886502378487,66.59724258465296,0
178,gaussian,48.9445713558654,1.0016399085585226,0.011952031429418667,22.750642506796865,39.52486759044444,0
179,gaussian,69.4305528199819,0.9797369227159642,0.020112275801279483,23.361258152975257,82.91352800474866,0
180,gaussian,56.50548296445015,1.0062789590675085,0.016792634524415557,26.5657346986375,39.731066513714985,0
181,gaussian,62.82264119872934,0.920351958252707,0.014075918781997128,27.8233214039936,78.57452067775017,0
182,gaussian,68.1709596736302,0.9305117044904058,0.016592146006593037,29.437820223203655,45.3977762513183,0
183,gaussian,51.93560131734252,1.0238930857918587,0.020077456447061003,19.369118835928194,84.26988355655452,0
184,gaussian,70.58478293397023,1.0276031572701427,0.012964045315418421,20.668196156303257,71.97476642231518,0
185,gaussian,69.05573701872186,0.9230765652278738,0.013781010449983975,28.33693337236646,56.64938888164298,0
186,gaussian,63.778619464403725,0.9214472642339555,0.011877560479524948,29.522593932391793,80.31991901041508,0
187,gaussian,66.26595693258899,0.9286027906762587,0.011066932575835407,30.660544755147477,74.76057390464284,0
188,gaussian,67.00594652701581,0.9845272585170243,0.02069787225224993,28.255793772634274,43.73693778289916,0
189,gaussian,71.93751453907268,0.9567637972503893,0.016039913479441843,22.688747131037896,61.47396273731607,0
190,gaussian,67.15691093674054,0.9263253692139793,0.016579655704051184,27.81111378187839,55.42876843272788,0
191,gaussian,70.7934014120017,0.9874753487764811,0.012362056175469326,21.276382647080975,47.75907729059646,0
192,gaussian,68.76442828642516,0.9887814789989435,0.012464010124270387,23.325711638729363,59.65427527191275,0
193,gaussian,61.494508449053384,0.9550043798766571,0.01086335020039834,18.181312541268163,49.094213233050226,0
194,gaussian,51.99560314899977,0.998662628007932,0.012645137154032362,19.482763830807418,80.849225137958,0
195,gaussian,56.60914777948067,0.9240529012365521,0.015117866450947532,20.453120626404473,42.47466195905369,0
196,gaussian,60.95230627571067,0.9240488844526319,0.0208054019721962,23.35543521124346,66.94953807355947,0
197,gaussian,51.34387897109241,0.9688920909712944,0.021957395311215426,23.190588927485972,69.53633927644469,0
198,gaussian,71.98667271966264,1.008461665309843,0.011439287673142009,18.029983791906066,59.68427700226907,0
199,gaussian,68.54839382296397,1.0284816555901661,0.016857869678982854,24.475889924283393,54.97115528304068,0
200,gaussian,68.1389407141051,1.0030754582723693,0.01870340147110226,23.262254863483896,56.966811699146476,0
201,gaussian,51.325103840104326,0.9956257314550578,0.017548223090654673,29.720209511071133,53.269307021313224,0
202,gaussian,71.23090750664059,0.9986629702875106,0.012252179746490855,28.57523908787649,52.50286576576843,0
203,gaussian,56.33920748477155,1.0124295436310569,0.012128824205402376,30.004239893850702,48.949005252269856,0
204,gaussian,59.07058243016966,0.9226408311756736,0.01104118973641966,20.379093191005467,48.56792769152253,0
205,gaussian,56.69635570282728,0.9989716698543503,0.019784861022549553,22.12974179267927,49.71160612870416,0
206,gaussian,64.99132486202728,1.0246851071329615,0.015588223083825455,30.002231298157458,80.3653389891873,0
207,gaussian,65.6200615669058,1.026628481394976,0.020070849321824874,27.722207531352026,78.16247644527272,0
208,gaussian,49.52748546082931,0.9972844166453281,0.01127005675165669,31.71058330959405,81.63222704275702,0
209,gaussian,51.23283364154898,0.9635853833533893,0.011727197827932594,31.17097362913819,67.43040097870207,0
210,gaussian,55.42716182267645,0.9417474379147035,0.015626625714261475,29.670180121040893,83.0712273724397,0
211,gaussian,62.90475373377803,0.9524799635580641,0.014611504711214045,28.400607846433104,56.1178873317464,0
212,gaussian,71.26561412111415,0.9838909859893207,0.020789355342299008,29.24351602260901,43.8350702736129,0
213,gaussian,63.4134792637306,0.9678560159831124,0.020008002152503084,29.32176117275295,35.241949457628166,0
214,gaussian,61.30354508141286,0.9716879212125569,0.012943792887344612,27.55179983450338,78.58480838434559,0
215,gaussian,65.04372716950931,0.9833749976742073,0.015214042058578646,30.3827771675009,36.882706758047135,0
216,gaussian,65.18633280151326,1.001928823023922,0.013685135911569021,18.202365637751793,48.6061018788363,0
217,gaussian,63.7005374701986,0.9529054885195549,0.012759618966336747,19.775348052307578,58.73600110595776,0
218,gaussian,69.41765492897352,1.0014516703303364,0.01727313273145365,18.10838404361945,56.79799475154407,0
219,gaussian,53.45607999151269,0.9655162020427178,0.01734834301698455,24.954203501087278,61.381523447429096,0
220,gaussian,69.85785125879421,0.9849836925863539,0.01866439293784029,29.42983647716526,42.6858532586238,0
221,gaussian,59.507551615902415,1.0178895088492148,0.018739346849246767,25.660560911155166,60.27182475616329,0
222,gaussian,53.437793280897274,1.000547179340144,0.014634807017781595,27.702940498256247,37.16002815734731,0
223,gaussian,65.23443336161978,0.9514184205734173,0.01195234680739924,24.62424172584729,39.85443181630901,0
224,gaussian,60.97573025468085,0.9454114799548172,0.017483244422037032,20.862702148617025,46.15067945295502,0
225,gaussian,54.91175857295739,0.9440161761861815,0.018550137564631853,25.280956237697104,64.60352103597671,0
226,gaussian,62.094931000613016,0.9376749618411397,0.012475208401376024,20.434129845851245,74.25199118741824,0
227,gaussian,49.4727585067474,0.9296614381212434,0.01877275571356774,27.362743228970423,80.09908362024821,0
228,gaussian,48.59447236266341,0.9797061350889487,0.017499028303064764,20.804171056421836,74.03322783181665,0
229,gaussian,70.94496806847903,0.9996435177610166,0.010054150051142777,28.202813332650642,70.30744317813904,0
230,gaussian,68.02189689318419,1.0050094372062837,0.0183129722337788,28.90156895956639,82.91850973847366,0
231,gaussian,52.11163969247977,0.9883321618272772,0.021018737138736407,23.747576237993755,56.03781858111175,0
232,gaussian,52.355386702070085,0.9730125111361427,0.01829213290398954,29.22755926353299,82.41323398480222,0
233,gaussian,63.25084980646231,1.0013157671735775,0.018579423621246878,24.63308736287999,40.30079068353888,0
234,gaussian,52.5468282272365,0.9632174572531268,0.015312397356620164,19.682942168810325,84.39688915261846,0
235,gaussian,71.54109290201393,1.0022190543575076,0.020461837573510742,27.410267248961325,71.99477910356282,0
236,gaussian,62.97701287193081,0.9693733458671056,0.011972114534857217,23.833319592910165,51.02389647587601,0
237,gaussian,53.92463106168981,0.9697842220409177,0.01941775374547137,20.53896460191662,67.6260590424433,0
238,gaussian,59.43055498739587,0.9878672809140966,0.020685315643229226,28.891604354106498,78.17508554228208,0
239,gaussian,67.72766779127119,0.9404861010026814,0.015134003091700154,22.27227080354304,56.6628069194435,0
240,gaussian,52.78114922793013,0.9951643482541613,0.018511906247057786,31.057055982407896,48.021300391360455,0
241,gaussian,62.30916495525461,1.016390778286959,0.01901506336136805,23.76027082565091,62.74769686492038,0
242,gaussian,49.77151271452318,1.0063365019608046,0.014092994784634246,25.79539976254257,53.894246309637865,0
243,gaussian,63.37906807795906,0.9501177390041798,0.013649841041078496,24.779258372149076,56.4997233547013,0
244,gaussian,67.41452976860268,0.9846617437853455,0.01170832923017665,27.795167056205948,47.45599517196819,0
245,gaussian,49.53680834671984,0.9352719427632346,0.020552021390150995,19.43798082855765,39.173152178044134,0
246,gaussian,65.76282958410204,0.9371432758662914,0.012245734316390847,27.52738259682176,65.02279967667299,0
247,gaussian,64.60465552888633,0.9762035958931208,0.016231262515943493,22.264176286168237,40.176298292924365,0
248,gaussian,52.8628290444728,0.9462338462590807,0.015338251379986914,22.629782476972878,65.82420961338784,0
249,gaussian,55.43206953941181,1.018379248193369,0.02031639646521585,19.978723895751017,74.16911286380395,0
250,gaussian,63.439949450618755,0.9466582901057329,0.021566782348409162,28.796314193749403,43.08949974061416,0
251,gaussian,54.225952498223,0.9316818221309953,0.022157100474271007,20.689602113109405,51.55801477876825,0
252,gaussian,61.49896643833114,0.9398723623208032,0.013414777953369785,22.62872951571324,69.50094851482697,0
253,gaussian,71.65353435190093,0.941873419707475,0.02163235169873452,21.3769852752553,50.49649680577005,0
254,gaussian,66.49679113556252,0.9408940412029206,0.013932930836582367,28.31674017072059,40.230089296293556,0
255,gaussian,70.49899793207871,0.9812345667053196,0.012379750738846259,23.679338072870795,51.404357830489474,0
256,gaussian,59.69698355006783,1.0003954760054892,0.016925613498578174,31.52246741615147,65.53299702329312,0
257,gaussian,63.623243503098166,1.0216722998635879,0.02035115116068117,27.972620955232628,81.33638959559121,0
258,gaussian,54.47670997360987,0.9286660090601817,0.02091047446242174,28.807508273226965,50.85853749678584,0
259,gaussian,69.75342321402346,0.9690613611905492,0.019309170365728635,31.827791023513697,35.98108983039955,0
260,gaussian,56.01757807907457,0.9495149847815576,0.011497456943380124,30.80264321546911,64.74179291913075,0
261,gaussian,59.997609640062045,1.0270527906019078,0.010524981130013353,20.870733193517133,61.893325767584365,0
262,gaussian,67.62663245725585,1.0139181087964417,0.010005349923085306,28.510318129115362,40.60125035963089,0
263,gaussian,59.02415759629657,0.9385619154309488,0.012094521070697141,19.67343783828799,82.93397863214362,0
264,gaussian,56.61221087379697,0.997951597448775,0.01936280451536715,20.927780304774615,65.59100321433719,0
265,gaussian,52.29725612049116,1.0205848095018981,0.01319080539654951,28.06225154588872,67.39724872843767,0
266,gaussian,71.0970137604447,0.9351750316501286,0.01364587688789981,18.159633315628003,39.66970791056089,0
267,gaussian,50.27690886732257,1.0007702715349323,0.017871916295847282,19.154601096877084,40.56023659585979,0
268,gaussian,56.64322974589042,0.9660659207541089,0.018948448006482287,26.93318345985175,51.85548442864721,0
269,gaussian,48.96517335398358,0.9707495738601672,0.019380223261364272,20.36322851956571,74.26276892239127,0
270,gaussian,69.47347272476588,0.9818100076981081,0.0195556319113668,30.375221943881034,75.98909443280002,0
271,gaussian,71.99226136357072,0.9390152098951592,0.014611446265775952,29.074790702150395,45.89989680923988,0
272,gaussian,69.48443091007525,0.983133805202667,0.012679298835019955,26.642896149644727,75.5459557790625,0
273,gaussian,65.19805982693441,1.0069346806728778,0.010172742848123077,29.26773777186693,50.28640949208773,0
274,gaussian,57.31353993851579,0.9209041486376309,0.012195065675928237,24.760563008845168,56.59273491631295,0
275,gaussian,67.81731312932415,0.9300836590691315,0.012033473362480536,30.96832694491252,84.49402939532126,0
276,gaussian,61.85544844417032,0.987350574381265,0.019671176813996064,29.408375966833205,61.91396740739492,0
277,gaussian,51.64349868329478,1.0151200834388616,0.020229902647321024,31.929822453325258,36.73643762911582,0
278,gaussian,55.139233732571476,0.9824650705514817,0.019889292243667794,23.119442101517656,36.88580938563499,0
279,gaussian,53.76040752654762,0.9572224855615155,0.021032818512615157,25.20627028021179,63.67287148582491,0
280,gaussian,69.12693226513639,0.9965806081485509,0.015913996450023674,27.0180056630197,66.01093117791623,0
281,gaussian,70.12452350825718,0.9706243425907061,0.011066481440229115,21.87623986327716,80.86864744396013,0
282,gaussian,54.3453616719851,0.9679700630636469,0.011026058040645147,29.771418542699433,40.338315837540975,0
283,gaussian,66.9114085609205,1.02380485571627,0.01275162567285133,19.758738825518936,52.832975205285784,0
284,gaussian,61.84730749395399,0.9240037386554302,0.012333453217242845,31.149932161732885,56.54092082278545,0
285,gaussian,62.7333398032313,1.0289809193205135,0.010692546034271798,31.059684119494293,35.45607682757875,0
286,gaussian,58.7142316117263,0.944829592259471,0.010632810167838513,20.83461378852488,65.92453637360862,0
287,gaussian,53.13919247148867,0.9332343634264522,0.017251504827915477,18.75024026526512,80.28502449964382,0
288,gaussian,60.226659093740466,0.9290026789531128,0.015439478488067834,23.729152507543837,35.11018544045186,0
289,gaussian,69.1817476501881,0.9283442001754183,0.010627132609478835,26.431312404711655,38.18810364859079,0
290,gaussian,62.462574937673466,0.967962490354637,0.011912990423684867,22.902631213571812,78.80719100016731,0
291,gaussian,69.06727794237212,0.9259270134486343,0.016277587299538158,30.843650939143295,58.660936594078194,0
292,gaussian,69.07588488922416,0.999947270276219,0.015806515306466953,21.010165388627517,53.56925991206728,0
293,gaussian,58.63288176967146,1.0084103328368397,0.019705232682935597,30.82907065562346,66.68256011841817,0
294,gaussian,65.3443845479876,0.9586454874219481,0.018684690807497576,18.556726877531418,40.38151982628783,0
295,gaussian,50.05476021377771,0.9251615338225568,0.016008491313503567,30.87278475423974,43.20829213529843,0
296,gaussian,67.47562672531484,0.968417322424368,0.014234032178270172,27.202523466774824,53.362303066540825,0
297,gaussian,60.10397747380648,0.9433191972314626,0.010244971855568991,28.2918091279655,70.28777495824285,0
298,gaussian,71.30253826109929,0.9671607788299987,0.01571557099749324,29.063621294034977,83.30520078523,0
299,gaussian,63.4383972272963,1.0209755903959519,0.019963111404112843,25.776248342739084,35.22968565751414,0
300,gaussian,51.149323855022296,0.9272213066436774,0.013267758576744029,26.402780288242806,42.79503318601378,0
301,gaussian,60.72406883655857,0.9587917857729944,0.019690030160573142,30.7004210059496,58.00874295861334,0
302,gaussian,53.3715167990633,1.0098121908751343,0.011932826685851404,25.48798690895623,70.99667418888669,0
303,gaussian,50.254292146936834,1.0159753879627895,0.021398312386647498,20.581740651729685,72.74994577557706,0
304,gaussian,53.18509854670811,0.9352411566413653,0.015622791906352402,20.638390941093206,39.48335193420225,0
305,gaussian,50.213730864883885,0.9763644203669299,0.012526593660106573,19.119430795851823,53.79505055220916,0
306,gaussian,48.41432999239386,0.9425678961118871,0.014224184186554733,18.863150682979555,35.17417145129801,0
307,gaussian,52.85320544174524,1.0272712556489254,0.015545103397784895,20.886754450978312,73.74830821024403,0
308,gaussian,54.92572549620596,0.9605192140552977,0.014622578332903187,18.93673458500406,39.670159472169125,0
309,gaussian,59.740946574804404,1.0122427928095523,0.017071058517232222,30.004896550104192,72.99488142198992,0
310,gaussian,56.22027273906143,1.0134014719092679,0.011776786951612283,26.96856382647251,78.91589041687689,0
311,gaussian,49.78114810631792,0.9729072161904175,0.014215189451604144,24.301312577337438,78.87709150828806,0
312,gaussian,70.87351806885454,0.9427407895787386,0.010757304414754039,19.231244139758168,55.27053285098715,0
313,gaussian,58.43003818018124,0.9765134590344657,0.017375114695348533,22.89726103287832,76.97871918474634,0
314,gaussian,67.27200860281411,0.996392769351632,0.010508331225634111,22.602945892022667,44.267959675232625,0
315,gaussian,67.75902493295743,0.9529739717137062,0.01524972586153589,22.95219596135094,76.82322632203395,0
316,gaussian,63.17883482823871,0.9588640381512824,0.013596135921962405,20.77680134379426,59.40285594049479,0
317,gaussian,63.963170242371866,1.0103892000532697,0.02190144523960012,22.30747310165748,51.55068173409666,0
318,gaussian,58.712127084753256,1.002494211765046,0.018849259441456087,28.132622325736875,54.84976360421591,0
319,gaussian,63.0033501267357,0.956311464810577,0.012763280747520025,18.528812458527256,49.36009427096464,0
320,gaussian,57.2361844703203,1.00833760337151,0.018772423382253652,22.218878463302648,55.46829032936623,0
321,gaussian,53.09999891758667,0.945843582077493,0.019534852731677196,25.00446468397469,48.043598625171484,0
322,gaussian,48.72238413478476,0.9502866278075965,0.02168737887700293,21.45394400096992,41.437517530990604,0
323,gaussian,63.08736969130452,1.0068378160530282,0.011376633809040165,30.688885747166992,43.43919596242174,0
324,gaussian,59.206476318132445,1.000490901456308,0.021773421774698133,26.975907109997113,54.5787892723656,0
325,gaussian,55.22976550874873,0.9897187065459903,0.017712625334756656,24.759044260900943,64.16718529129345,0
326,gaussian,64.38319858460214,0.935589263362707,0.012374563214858605,28.98014393673182,53.99910064405009,0
327,gaussian,58.09069863819735,0.9267321533765378,0.017143464132823943,27.985004324900547,82.11997894913682,0
328,gaussian,62.76897614943399,1.0019089787806605,0.017734401251784594,19.61716733702813,48.65450521647818,0
329,gaussian,59.158836559789776,0.9998603206909816,0.0104282261813362,18.692135962743734,43.85316983757099,0
330,gaussian,60.537227185384594,0.9406192520610027,0.019521308452682407,22.145789021396883,50.765601050055615,0
331,gaussian,52.25797325577708,1.012180300755551,0.01680604898297799,21.060254918350505,60.03031127682538,0
332,gaussian,53.259305375229395,0.975605178536686,0.015757382812302205,27.85281879764042,72.8424496102482,0
333,gaussian,67.22720201488819,0.9850864368322467,0.02097684657764224,26.20262352341999,67.95452136752124,0
334,gaussian,53.30813685788447,0.9436842318006395,0.018829054992776855,26.723513091842936,76.41319970849462,0
335,gaussian,59.061865765246296,1.009141145557866,0.010511720480073202,26.129327598064933,43.82253038414555,0
336,gaussian,62.12614373882266,1.0019209768561095,0.011885770071242302,18.166389963431175,38.10775038106345,0
337,gaussian,63.89363036353548,1.0259432713079801,0.02187586540960689,25.34824250138847,78.60082473649578,0
338,gaussian,63.14423390071782,1.0170708506047317,0.02011318116091088,24.64571172604315,75.43644600382098,0
339,gaussian,70.38709972505123,0.940911895001696,0.021529847543893196,20.616050732680385,40.46278267286557,0
340,gaussian,64.59196960923867,0.9581722022044186,0.017223915865961118,25.76310320298747,74.67331558495769,0
341,gaussian,59.09265822246765,0.9425404395428277,0.018321778888311945,23.221475594012276,52.6935921440999,0
342,gaussian,69.26719889915512,0.9237348284012509,0.01570292050660329,18.93862670295786,59.84199632054733,0
343,gaussian,69.8134778530641,1.0152408238255475,0.013483104370852017,29.67138711769853,62.71265529370431,0
344,gaussian,49.51068609633089,0.9908407515268329,0.01001326328676218,28.099289593325537,58.18682514548598,0
345,gaussian,64.47901924977832,0.96304011922954,0.013381553762748272,29.137621672119003,49.08853129201409,0
346,gaussian,69.1755603664374,0.9457538273862623,0.019861528915237698,30.871892317566747,74.03249784207549,0
347,gaussian,66.75581448650959,0.9266762939758635,0.010463661804662974,23.450407040895637,55.903741390204644,0
348,gaussian,66.45354930627727,0.9987335727960848,0.019834108747266162,27.2900860298594,69.06059801176826,0
349,gaussian,50.966455509264044,0.9604682638291065,0.021741935175366604,23.822559879402363,38.63836403081865,0
350,gaussian,65.51347667078045,0.9862408649380184,0.020246871410228795,23.444337806814005,58.23152954968039,0
351,gaussian,55.711366983164105,0.9476936773040576,0.02007009612832795,28.108447514949116,36.58133610651252,0
352,gaussian,61.42047835532723,1.0223283646027386,0.015276713376425648,28.384006471005247,76.91165787505196,0
353,gaussian,53.77756811809741,0.9501483036471485,0.01621013944528674,21.309930137252735,38.87730901770589,0
354,gaussian,58.18813279664367,0.9839440564375815,0.015756096543251122,19.13156072531694,69.0080032709919,0
355,gaussian,69.3554357660291,0.9742794238575445,0.018051520901273394,20.518472465264487,63.4782744366074,0
356,gaussian,62.0295620033577,0.9848131604665538,0.016039229664481888,25.944723538676122,40.39685888836902,0
357,gaussian,67.07032334904886,0.9324180298742036,0.01745329121853493,30.305156907826966,41.82297883579988,0
358,gaussian,68.11961353769055,0.9389629226480604,0.019976309057344623,31.977169429262986,41.7537940145414,0
359,gaussian,62.163302093433266,1.0154286834004442,0.02156265046058732,31.95738934848981,76.01165864405417,0
360,gaussian,59.83056333327395,0.9510652168684028,0.010588180633076757,25.561207448082698,77.08037215106128,0
361,gaussian,58.16396511000336,1.0217906601364253,0.015695192296382107,24.92312968926092,36.98184356986524,0
362,gaussian,60.63248408501256,0.9837543978778958,0.013929672788066864,21.06392988031705,82.04827582382907,0
363,gaussian,61.612492608769706,0.9444021258506458,0.010757238554763718,27.959042161996983,62.69829827762244,0
364,gaussian,70.70710502228552,1.0154721805307059,0.01601124371784985,25.788566200556588,43.28277264456595,0
365,gaussian,49.404015083964765,0.9823624608112866,0.021458179895299696,19.804668012645624,78.90097815223223,0
366,gaussian,68.12346163002775,0.9368526011271243,0.016811399358276344,30.30761459466293,66.45538221825845,0
367,gaussian,67.74926028138637,1.0132741234090803,0.01767588861692877,24.82795037314645,69.79764985224742,0
368,gaussian,61.41302229194184,1.023989959791845,0.012373694689604236,21.403069358911942,74.36611559912524,0
369,gaussian,49.397424457456715,0.9830506118455755,0.012373385781195062,27.863237833614043,47.83282749245179,0
370,gaussian,66.65585387911459,0.9787009571491704,0.021847308200518452,19.271472170494224,74.71174436241205,0
371,gaussian,59.069156082095944,0.9862730266331344,0.021405504353855572,24.85769024576426,77.84506265081112,0
372,gaussian,64.28180011406471,0.992980758318555,0.016679301271659962,29.921172799495373,50.384897142056886,0
373,gaussian,61.52616185011611,1.023491330431574,0.021120193352286702,25.20658639960807,80.39385272175599,0
374,gaussian,66.4375489083919,0.9495238574124312,0.018172596435962834,26.523328912044153,70.43080172393441,0
375,gaussian,59.81997803792801,0.9329876486489926,0.018223584609724588,29.079664525360364,57.24030287992379,0
376,gaussian,67.70231274898782,0.9675509561523954,0.017014820069333303,28.169738520884508,35.09523757068814,0
377,gaussian,61.8374699222198,0.9681221376165347,0.014376451915759324,22.049101584685438,42.90953946290517,0
378,gaussian,59.86831471849046,0.9347061963112353,0.019346237818093272,31.133984417411423,57.20110613111897,0
379,gaussian,50.916149693152164,1.0274881234948772,0.01711194846195829,26.093948721828234,76.73606628531437,0
380,gaussian,59.75073152089227,0.9304370726483353,0.012180675999143584,30.756125498296832,63.014404461768166,0
381,gaussian,57.17517099699606,0.9895036582447183,0.015577789071284731,21.21414782591545,52.205805166186366,0
382,gaussian,68.94737838655367,0.9749657812445235,0.013668731487836747,22.075270863348152,71.57532059098236,0
383,gaussian,60.429758800342164,0.9375822265799809,0.014204346436999832,18.442104395350416,84.63036332506782,0
384,gaussian,52.06929323475652,0.9920199468438688,0.012258088002744881,21.460279889686362,40.27504424243554,0
385,gaussian,52.814981569203596,0.9785990611003766,0.01890575822668667,28.671324231587214,52.520740820894055,0
386,gaussian,59.02814384248212,0.9874606369025076,0.021776614168531664,25.397623483330783,38.57610447698454,0
387,gaussian,50.22674511473045,0.9506315497128315,0.015343102063605656,18.108780731346936,63.333224252330076,0
388,gaussian,58.732514057855056,0.959063005447825,0.020434212040014055,19.096482483250057,74.64049291209031,0
389,gaussian,61.72500542382622,0.9297628990489338,0.01023521968756413,27.39361336795706,38.80210428515735,0
390,gaussian,59.987686078006504,0.9551002256937129,0.010641285075210335,19.354321520803122,74.87677604559047,0
391,gaussian,48.63754934133383,1.0266177918825574,0.014124145046137331,25.928273392893423,55.09219573576586,0
392,gaussian,55.96553978621899,1.0127847438107664,0.018586461823475953,31.082273760397882,67.32974429828111,0
393,gaussian,52.767657020302195,0.9855677526033438,0.01698100727576718,31.32729461544421,65.94063250368308,0
394,gaussian,54.00266531910234,0.9612857707276522,0.017990178829729357,22.91859911692812,82.27496717271534,0
395,gaussian,71.17343312167472,0.9251602299555327,0.017469799484423933,22.76113585263733,81.73573776894756,0
396,gaussian,66.66523553436643,0.9277138051355477,0.019638587440230212,22.663101794079687,57.39212143371915,0
397,gaussian,65.41031309582496,1.0242904722127715,0.02000913899148171,24.360540648674444,47.65383142966511,0
398,gaussian,48.05114504228083,0.9666156236926696,0.011371345365684129,20.63121462717184,77.00795656673938,0
399,gaussian,58.89621121008879,1.0227744491591348,0.014449126113863115,27.82946176236947,67.32827466036443,0
400,gaussian,56.5704949789867,0.9301111497316175,0.012333823652672434,22.68190602506377,60.002011484248186,0
401,gaussian,53.33162387796098,0.9257632178814151,0.014857713365525903,21.8466149735444,71.24059205407589,0
402,gaussian,57.51442070874408,0.9292527483539946,0.011804198093562993,27.569177834967817,40.864463856869584,0
403,gaussian,58.46281010852226,0.9262411780476127,0.01688377782238091,21.630006275824435,56.48793449455492,0
404,gaussian,62.98269127740535,0.9408756370983349,0.018467870566704757,21.398026301639042,67.27606140395247,0
405,gaussian,57.32975519516218,0.9315742322221535,0.012212648864890046,26.168053981185018,50.7729557745846,0
406,gaussian,68.84753109046176,0.9539957603122212,0.013803219017786868,23.66802493574626,53.068114233415976,0
407,gaussian,66.34171270882307,1.0255267799150647,0.015899282546765186,24.783593615919337,38.40566415788259,0
408,gaussian,64.64852137971235,1.0149047527267654,0.015173829136278265,24.984956308228927,82.07429598196893,0
409,gaussian,57.669559056508106,0.9441311375979351,0.021756498024562605,24.93684900967817,42.23528182612096,0
410,gaussian,58.045762566717585,0.9303263078786685,0.02124535364248404,31.464049582446222,48.143474581225775,0
411,gaussian,57.08012137952298,0.9466502506026013,0.01936371756887984,25.14327677902307,60.80938364646353,0
412,gaussian,54.443415841804416,0.9908191990720266,0.013659454393437307,26.337777792381118,50.59538823204291,0
413,gaussian,62.02991085153254,0.9354536453886243,0.015033813331390089,26.929264623104633,49.915011463152965,0
414,gaussian,52.57879253201189,0.9355845492357953,0.022042835807025492,20.13487749451088,49.555998425798464,0
415,gaussian,70.20180187350668,1.0104749177178687,0.012894862734709975,27.818375159384573,84.95134932985569,0
416,gaussian,52.3836322679428,0.9660406121433324,0.013098079151762212,19.71378219455348,57.92449041930362,0
417,gaussian,53.61980645745214,0.9870297974720111,0.015660233224977615,27.390853283288386,63.234105963458475,0
418,gaussian,70.01835576971385,1.0091603028305562,0.01977682588577857,30.574775305889,65.45934031714512,0
419,gaussian,58.13729270217232,0.923204930725962,0.020690050139127072,23.780264251924876,76.28469994359594,0
420,gaussian,65.65360152629938,0.9541353013441203,0.010087730898089592,24.306968838507313,40.86478276423087,0
421,gaussian,68.2967503253758,0.9708812014149577,0.015898239087521936,28.885528787363107,79.41877351740862,0
422,gaussian,57.70720494115662,0.9944264181824194,0.01602854015063318,27.776988879524108,73.82374852579945,0
423,gaussian,55.040517682348636,0.9439372353778958,0.011516746333444274,22.17910886653265,38.21068820796363,0
424,gaussian,50.584920290571745,1.0267205023224113,0.01769288814373349,24.525726028939246,58.150873479053516,0
425,gaussian,57.8405772957154,0.9686379243126829,0.011767570919172366,29.475869508729343,39.16182162943584,0
426,gaussian,50.35125916561048,0.9958698693522297,0.015219961754688005,29.08284271605423,51.87064254273249,0
427,gaussian,67.8497807175344,1.006818467896196,0.013736879565643931,20.374889454125835,52.3433266386571,0
428,gaussian,62.9949320374869,1.0176310914854383,0.012994956898038418,25.79254441664196,68.53311024253708,0
429,gaussian,57.07069172097079,0.9567344759469789,0.017740512783821837,26.46890084311481,60.75126627466611,0
430,gaussian,66.87068403248999,0.9294606530775164,0.018323483750881216,30.69977453324482,44.89434795778673,0
431,gaussian,64.26926029992018,0.9842535022862433,0.01162693654072572,25.013357177572438,49.20175224211488,0
432,gaussian,51.62498876778169,0.9443331513991563,0.018044256800050784,25.381956074359053,45.22439449611764,0
433,gaussian,59.50767044731592,0.9520480821664437,0.01723563491053601,18.349034851770636,74.16555997037807,0
434,gaussian,59.616374747044205,1.0130201362908302,0.0118304346503759,26.640811306326153,64.50823579790801,0
435,gaussian,51.17953166343028,0.9665533367860479,0.017449582763511686,29.196379874633752,58.13603975802998,0
436,gaussian,57.82384101078651,1.018442683544039,0.01422810375411451,30.610730439831165,36.45689132724356,0
437,gaussian,70.97009561474819,0.968100453044461,0.020279565245239155,31.129784282813752,38.06811580371168,0
438,gaussian,71.06762799119309,0.974480677143457,0.017873507505431346,28.689308506298566,78.34282249924433,0
439,gaussian,66.46151078311048,1.0026848959066035,0.0195542440633092,31.945191325710667,48.60421975385799,0
440,gaussian,71.17379565779524,1.0225525444145678,0.019529308569530286,19.17314956510125,41.578552372571124,0
441,gaussian,51.267593274299045,0.9432915124098123,0.01680227938872353,31.129189526613978,47.92119945481097,0
442,gaussian,69.65922275896897,0.9784980865144342,0.011732753634416643,31.691352367682487,54.44611343688461,0
443,gaussian,71.0229019425977,0.9468336936991033,0.019938749135270894,25.947861260577923,54.04312427633103,0
444,gaussian,50.18681841198931,0.976555186049761,0.01596464137363481,23.270602631790492,77.29126029398937,0
445,gaussian,51.603920055713644,0.9242665431775803,0.014865394425494144,29.53541743115356,39.4607673275185,0
446,gaussian,66.31890055895428,0.9383451656996663,0.015137185179211303,31.23219663405488,64.68625964692805,0
447,gaussian,64.64165396943608,0.9510787918472147,0.010448154958487051,23.81692695518734,50.946850671806175,0
448,gaussian,53.99018130939026,0.9782733845358692,0.014670904022329585,23.630658196253094,65.71462073194381,0
449,gaussian,62.925329994732735,1.0115486185317129,0.01839631105500154,26.57824023466788,82.49979659975932,0
450,gaussian,55.18654506285212,1.02077681203129,0.01933592237092912,31.09518210662522,84.57860776521065,0
451,gaussian,56.06667010166512,1.0098759036666987,0.01935043552261777,19.84424405030249,58.723368531078606,0
452,gaussian,68.09604199378906,0.9341314335003924,0.019656827827182116,29.010863048187055,37.14926454681962,0
453,gaussian,61.71531972126469,0.9732175044170247,0.011167943232962736,25.282073456878713,78.20377570744961,0
454,gaussian,60.06638257461215,0.9622027281969227,0.013742188908638759,27.384770408326347,67.43663565609486,0
455,gaussian,63.36724495963202,0.9663443582892135,0.02069481155774556,20.53451780679889,45.206119011555025,0
456,gaussian,68.50735979973443,1.0166323952603653,0.021567561884041325,18.58418402527103,47.91751771015477,0
457,gaussian,49.46615521898524,0.9896645436565765,0.01621755155699432,22.961866238815553,77.70197064409643,0
458,gaussian,59.82193883192275,1.0079697021195984,0.017845854746013575,25.090364950282243,59.83431179010178,0
459,gaussian,52.9699858019743,0.9632037588862724,0.011337144005338286,26.092099235038802,74.03904078025454,0
460,gaussian,48.62557266126037,1.0177178810707717,0.018934990590894634,28.96077734433681,43.78758980000289,0
461,gaussian,68.08079764425194,1.0200957113877185,0.011262159354699416,31.335709713302997,39.95941382706575,0
462,gaussian,49.22734532820115,1.014407802226004,0.014938710382629571,19.160478197130725,35.92551219977839,0
463,gaussian,64.68786379092887,1.0100518184005034,0.013958649807199025,19.843322955163167,58.00240072188603,0
464,gaussian,53.98324109557743,1.021411048790102,0.015116126608527103,20.074317398433138,80.20483217262664,0
465,gaussian,66.57683532129178,0.9927642951513537,0.016288054589670337,19.53732289265421,72.39166864051919,0
466,gaussian,55.79082824472468,0.9364556738152627,0.01922169596721237,20.960697718996688,76.13579008590551,0
467,gaussian,57.22869038797853,0.9996632735040568,0.02006290806746136,25.29810763877795,82.39509577126846,0
468,gaussian,51.698709453248995,0.925941623115336,0.021863075591109424,25.925242070058214,66.5065349119536,0
469,gaussian,53.369183428035115,1.023639518479993,0.015763656385408373,23.540033546162707,42.17871847791959,0
470,gaussian,49.410116310289354,0.933764922211754,0.016602700124175543,28.98772178857414,45.22687213251207,0
471,gaussian,70.103708075771,0.9691592743102201,0.014387466839450696,20.72267754246309,37.49394995079594,0
472,gaussian,64.05636072904063,0.9800542541815153,0.01611013852645533,25.669396878310547,70.4092874870743,0
473,gaussian,70.07691615768456,1.0012446846460186,0.012707090746287368,20.10314255476853,36.7032636050286,0
474,gaussian,58.21534566383427,1.0249576333222357,0.016480251143420648,18.39019003928906,68.74729934914214,0
475,gaussian,52.81761697679932,0.9878986125001306,0.013284163993972692,29.191854342879143,81.49402715719474,0
476,gaussian,54.77465433229615,0.9777490665077515,0.01260022474809799,28.748110095437713,74.4405965783499,0
477,gaussian,71.25651607383672,0.931306911522475,0.01554006955471821,29.67233121227584,44.99962405614056,0
478,gaussian,62.99849715525789,0.9957539967447877,0.01172978684139283,22.32178772109742,49.074670281909796,0
479,gaussian,58.627566425001476,1.014283452365214,0.011276422760248633,29.605669054681464,50.665956559471155,0
480,uniform,48.29896479148447,1.0141145233673778,0.017731337058581615,25.85597035681284,51.314318406077376,0
481,uniform,61.59627436233646,0.9356512331409325,0.022120581276426233,20.364091291942117,79.31732228392985,0
482,uniform,56.55816450734034,1.0241718575556242,0.01057611422433862,22.633609042198465,40.42622382364209,0
483,uniform,55.64775367210656,0.9579178550681309,0.011401251994004248,26.745806104276042,66.43426059751911,0
484,uniform,54.385845635298,0.9582950090017378,0.011001553294955016,25.496487252750946,54.97070131467527,0
485,uniform,57.7583298785295,0.9795111369928717,0.012220353260816096,22.426822315103657,59.04507934005595,0
486,uniform,61.266618819057314,1.0287989369581731,0.01597201339166725,20.431371969960967,63.25182010330231,0
487,uniform,55.58511493097973,0.971093967901935,0.018559573480551587,19.357860274085557,77.33668401054692,0
488,uniform,64.52309899180605,0.9367684490022852,0.012972995235296906,29.406483462928676,78.66837037302881,0
489,uniform,57.544032552509556,0.9811635025588716,0.012339900386405684,25.019790338666837,70.96282828462519,0
490,uniform,52.168133487304246,0.9920941020587881,0.01332776346884529,21.069210935458614,59.02324918701375,0
491,uniform,48.821004826891766,0.984587187548561,0.01622629247352547,19.047351591221176,53.07780440693972,0
492,uniform,57.34490882592054,1.0193096390346044,0.016153109195481526,30.82793368498477,70.41025328716812,0
493,uniform,59.52859259955653,0.9976069236648647,0.019720514574427087,24.39886042386155,80.62580960600117,0
494,uniform,70.61431354089567,0.9704640844970179,0.0138327544547369,21.720391306812346,55.274111123586096,0
495,uniform,68.70779955755324,0.9700820867788423,0.015618551034781453,27.844652871873446,40.39539321929094,0
496,uniform,67.57474945293202,0.957965927555689,0.011477510403473971,25.284526730538225,69.59983849521032,0
497,uniform,58.4193456612207,0.9319526590130727,0.0122682766917024,25.125267644112014,38.90005000100673,0
498,uniform,68.92202279255869,0.9491251140763494,0.019392314204619104,27.15489467890809,57.906969482687785,0
499,uniform,71.13887397891854,1.02211776221188,0.01726462925735221,29.420316370877412,82.84236321097023,0
500,uniform,69.18501018554619,0.927787151377386,0.019643514170852566,18.573709244048732,35.28833105086875,0
501,uniform,63.66931824525177,0.9762730980797911,0.014163638575595359,24.222984033767965,78.04529067974377,0
502,uniform,71.92310709449548,0.9437590560862024,0.013284379147064016,19.805790060984798,60.19183162482567,0
503,uniform,68.98900436478685,0.9376291122888393,0.017655328604660507,19.08530782278566,64.33517974058977,0
504,uniform,66.12436717590654,0.9395114776014536,0.014019606867021526,27.913039289005994,67.90440083383979,0
505,uniform,57.06028205786663,0.9585710541857324,0.01913518364967053,26.68246591067474,55.91446331941107,0
506,uniform,49.68122694505827,1.0152567762704487,0.01049281293303157,25.05133133047576,82.2379635020738,0
507,uniform,51.361859095224986,0.9386781108680607,0.01098365771926437,22.884674825334777,63.443717047548205,0
508,uniform,66.53695105838071,1.029790210247441,0.010731229055148447,28.79101394239032,80.64272796402443,0
509,uniform,61.609381758221424,0.9638102076176378,0.019160020702271397,20.95996902347658,54.451553722896264,0
510,uniform,60.43939773881692,0.949194474897896,0.020553915223610338,27.74249086052466,42.70906723260394,0
511,uniform,57.94663001395773,0.934719177273462,0.013556004317587267,31.402488650409122,41.493266323827996,0
512,uniform,60.14937074331279,0.9766734085620027,0.020731734837835015,29.919952266645012,70.24374611804123,0
513,uniform,66.32733558602351,0.9283479613586727,0.016991727615309236,31.447428300289424,60.34453939446162,0
514,uniform,66.28395329966243,1.016056839379285,0.011305068074588982,26.157284761375408,75.67334650968338,0
515,uniform,57.49214254308103,1.0280201820708883,0.013335137915105962,31.62330261105874,77.04137511385747,0
516,uniform,65.45306159551484,1.0281328748157317,0.01233393754111129,24.794677640679154,61.49054778470354,0
517,uniform,58.47228647552443,0.95769350010578,0.011277196718058644,25.270484482513584,61.317255088350144,0
518,uniform,63.73660953349642,1.0061075946869122,0.012772991246373594,24.909689887506076,61.95092819793874,0
519,uniform,55.27782378754827,1.0140482238707018,0.012072922759485748,18.689498550103174,53.21100574034945,0
520,uniform,68.40935988965181,1.0049824466817838,0.015326938007204062,27.71910405744434,56.38089635961995,0
521,uniform,56.80827491183201,1.0153043797943055,0.01881348902117857,27.3764421520506,79.83669887735212,0
522,uniform,69.98392628160381,0.9681291270257342,0.0165084896114548,21.353049235628415,36.96729456221292,0
523,uniform,70.09281454980515,0.9838235524619813,0.014990977109007632,19.169571603706803,81.30649782723339,0
524,uniform,58.325698828758505,1.0111527013395663,0.010815206377714772,18.59770312982299,56.15602407553372,0
525,uniform,55.02122218989283,0.9382865464475749,0.017593946692851192,18.77458260136406,58.32538569582724,0
526,uniform,48.038091153314745,0.9315364305566027,0.013788338828896487,27.119937406262956,59.6109414552285,0
527,uniform,70.14063526737925,1.0000605017316635,0.015308978968913521,20.514367297165766,50.62438421600436,0
528,uniform,52.00189548209031,0.9273811908955474,0.020207742876429548,18.850903936063144,51.866411289366994,0
529,uniform,53.51253456584363,0.9578791015125334,0.020734046515572646,18.34867173774961,74.59930398398825,0
530,uniform,50.300218617665664,0.9752402738379572,0.021817815846118964,31.385515457153904,70.45176679695831,0
531,uniform,58.718861529442414,1.0103673848920232,0.011473549047209684,25.27018895166698,62.76689239912896,0
532,uniform,66.68652876373893,0.9310076618424931,0.011631372617038475,25.92751944384431,35.36157330528951,0
533,uniform,63.09292102061913,0.942527321424875,0.011406716227562098,20.858979776025567,39.3716290442366,0
534,uniform,50.198465617600974,1.0141726809719078,0.020527747855663494,23.773595557843155,82.46632978815018,0
535,uniform,65.37408635274046,0.9346375761647674,0.019885373082454885,24.0065913053463,45.09240709776884,0
536,uniform,62.055378950810635,1.019221278613823,0.017917383682146713,20.066362301956772,46.81247843694783,0
537,uniform,70.90153824513212,1.0074629301014217,0.01365459141871665,28.193791366178804,39.98002689035848,0
538,uniform,61.97456869227761,1.0019519226628404,0.01800140224801633,31.87928115257779,68.24955085227822,0
539,uniform,63.054234597891195,0.945519995009279,0.011667952214339795,25.21190762657311,72.59332418182791,0
540,uniform,70.96947195196128,1.0196514221682027,0.018624822741536488,19.480882097147443,77.5574277128093,0
541,uniform,68.93700197297014,1.002407691515742,0.019304868039489078,20.52832143322799,67.29207770137087,0
542,uniform,50.33499366677996,1.0200129665362674,0.012569889426692684,31.564455081530514,51.32724057443063,0
543,uniform,48.147210772217775,0.9781721269675997,0.01776689227307076,21.02273497813105,62.1819943440491,0
544,uniform,67.2837870318869,1.000926890833509,0.021507022222195787,29.445504067553536,73.03812898127595,0
545,uniform,66.95466537350158,0.9754621151373307,0.014963761571084401,19.980932789526793,67.18535638600207,0
546,uniform,64.02401606273119,1.015135162220432,0.017327567879559986,25.219605283986535,64.84705273076102,0
547,uniform,63.894513706105215,1.0027140972620185,0.011893246204574052,20.53819235264111,61.927281754773134,0
548,uniform,69.72120498539067,1.0074693844276719,0.013292860933319623,20.919352233106807,40.09891390912941,0
549,uniform,59.76987962828238,0.9950105945506899,0.013233279990335729,25.68901692529595,73.07142511125934,0
550,uniform,55.425475616643716,1.0117318320549487,0.015773272958763268,29.517046741019428,47.89109494274754,0
551,uniform,58.67874599334515,0.9482720839271206,0.010580563215565665,26.402003623604223,39.15424657166688,0
552,uniform,56.66161890822126,1.0064376453025758,0.011483290471020237,20.196777780415257,80.98727733248339,0
553,uniform,58.80148338926923,0.9320481436995112,0.013339996676250092,20.992251776806647,47.35012907822816,0
554,uniform,50.67007518502746,1.0038778983421053,0.012344640386176586,23.022027308651506,69.88314969340864,0
555,uniform,54.01430355453133,0.9406075983880664,0.010695950770066059,23.86500333718374,63.32167180241609,0
556,uniform,63.58038505770821,0.9635105808125365,0.013836540496857208,25.084541975035812,67.18085188332458,0
557,uniform,70.39184002576165,0.9620059394728935,0.01579262696987239,28.607981162108572,61.11122268586558,0
558,uniform,64.05392221032517,1.000181225775965,0.01848516237584315,26.202529564601722,49.612049283383854,0
559,uniform,60.45461384853027,1.0219941413668743,0.010804712653366575,31.676581838138084,79.91770163145708,0
560,uniform,61.63422395384872,1.0177903066819807,0.019984481067999927,20.45401501835098,63.03498442104629,0
561,uniform,61.04398007016614,0.9868927725875591,0.02186251274987791,27.05228808225727,71.30524492584297,0
562,uniform,49.55691295779951,0.9244372957864759,0.017950418042008438,28.443165979994056,41.39850489705612,0
563,uniform,57.33912058753163,0.9893438959200961,0.014397589184270353,20.54378275145047,56.77969864162033,0
564,uniform,62.58827547668807,0.940912131778236,0.022088441290755642,23.533857951344643,62.72369161858435,0
565,uniform,67.32382279718641,0.9543166474657956,0.018675543363450234,31.193517174976527,38.2514432255436,0
566,uniform,67.58649670529017,0.9619149995812611,0.01876088982459327,31.36467407446165,37.893479448473514,0
567,uniform,63.15537263142758,0.9852739382401086,0.020262597319269784,24.759938576200895,54.78363872436137,0
568,uniform,56.33917984483254,1.0029380858173509,0.01508336239755575,22.914587945904692,42.24047918276746,0
569,uniform,59.14990548526616,0.9581626479504782,0.017975871377792975,26.8040036589403,73.3109474960865,0
570,uniform,67.13689672523992,0.9810767012987903,0.011012922519590629,26.04642066304872,49.36005646868085,0
571,uniform,49.95913220195568,1.0006797229117481,0.012134290106090302,22.989961463016197,46.82992314923946,0
572,uniform,60.629905474090904,0.962551370286117,0.011274425222201024,30.941820078185152,79.30489142051331,0
573,uniform,60.48248577974215,1.0219109539635733,0.01652397727867411,26.483746290251837,56.268824115065456,0
574,uniform,58.18610020075226,0.9252334244949165,0.0181167763381617,21.825712287654213,38.546081622364994,0
575,uniform,58.253487271884524,1.0283320537371619,0.015092984264896627,29.325023282117208,75.93215859527865,0
576,uniform,68.55418108129317,1.0093517527285565,0.017466897239054525,31.97240312831897,41.62039544443988,0
577,uniform,67.84095784979007,0.9647775730666789,0.012789695298525411,21.814214911931092,61.156716126580925,0
578,uniform,65.7885118945266,0.9648654791900815,0.015558738513532884,29.702186504144542,61.87096776489599,0
579,uniform,51.83213480347891,0.929064881544303,0.010225507975741855,28.50656693920771,57.07694909564602,0
580,uniform,55.524171621810396,0.9406101718114963,0.014117319572010359,28.90930039867121,64.15354044962596,0
581,uniform,51.10278541788129,0.9818848748214487,0.011742080685002067,27.58184350044197,37.55977349827067,0
582,uniform,52.3343460702993,0.9429121172003957,0.018020210409514428,19.832240258345966,57.10393571150942,0
583,uniform,53.347692814991184,0.9673504936364092,0.02087087408594216,22.9491902218488,49.28584805355043,0
584,uniform,57.20263525903171,1.0235182978955173,0.01891931371010986,31.11990860917182,52.11180280039757,0
585,uniform,69.54828183028776,0.9601167301904474,0.016813149287842284,21.64238253299815,76.68041576861009,0
586,uniform,69.40843341734279,0.9672471444034361,0.0195947398523478,22.703325268053597,78.94953423904487,0
587,uniform,57.085595186163005,0.9802913546456989,0.014888787811181862,25.911034776619694,54.62222995887193,0
588,uniform,63.7820869596454,1.0013677250587218,0.0104503310940257,29.269134834578793,70.70168814762768,0
589,uniform,62.197026058611215,0.9670393687011577,0.019715900442262735,22.954711849616963,69.05877585039836,0
590,uniform,57.114488162840004,0.9855219670596771,0.014982088585836972,22.995036130286124,75.40268471623081,0
591,uniform,55.9230830687208,0.9338216461816188,0.019757010855804735,27.227027029067894,58.09340854260544,0
592,uniform,70.08819476216186,0.9809652724144565,0.021207288032308532,30.800458643397985,58.89161044866073,0
593,uniform,51.34942513518588,1.0226054120760022,0.0198006622471396,20.21069606464403,80.51800278033286,0
594,uniform,59.03475395952845,0.9635973551093212,0.021078952006123454,23.71096881398828,57.11304187949955,0
595,uniform,62.1035056872572,0.9236669726122748,0.014146952971990995,19.65146710466521,49.62972018063679,0
596,uniform,71.82379888517157,0.9400763305082475,0.016817092373919318,27.79133890692013,37.07598222835123,0
597,uniform,51.39307205401486,0.9662661681409213,0.014936127734981115,29.30604806743991,78.33895013865566,0
598,uniform,58.00046756232932,0.9548533335099827,0.013831759021287032,20.26497547906715,38.913993802334645,0
599,uniform,58.50966595346108,0.9393884374020488,0.01915385843370592,24.734525925671722,44.57640802412751,0
600,uniform,69.54628208190691,0.9355399795452314,0.02077749564277151,31.490118041953387,45.47592221123132,0
601,uniform,61.55344509706796,1.0269130826345763,0.014790120606995943,24.33041653571874,44.3640765371574,0
602,uniform,70.13616616057234,0.9860819996501603,0.016826364203867798,18.167764448956188,65.92785196723581,0
603,uniform,49.29680520502343,0.9387312133249917,0.016264593707142252,19.002245160443103,71.8704312700039,0
604,uniform,50.52730113132643,1.0193068514955623,0.0202862747559124,30.341208001521764,84.15039512428226,0
605,uniform,68.4996525520702,0.9676702004539821,0.011259437490021904,30.882744319105736,55.8622601349353,0
606,uniform,66.73002285597107,1.0259298781688835,0.019576662088241187,21.897250718441136,37.08907843138266,0
607,uniform,50.11766829340083,0.948541143557292,0.019898981638341078,24.419435494109024,38.650908586952674,0
608,uniform,54.27042565813174,0.9761487327563019,0.017362506857312287,22.793768608023385,60.11912391439364,0
609,uniform,55.43754008810819,0.9574325440637765,0.0199018240487078,25.590206930816368,49.30216000603458,0
610,uniform,50.36004042356447,0.9996126807305377,0.02019991475791422,25.997764877137392,83.22106718492122,0
611,uniform,61.30650897413223,1.0082753595957048,0.014143363055081752,28.30564790585052,71.44139140981045,0
612,uniform,50.6321063304374,0.9366300205163345,0.022058190084484168,31.93231978105174,51.69141203334212,0
613,uniform,71.15085124178314,0.9860547480475189,0.01811351489312147,25.000242833654934,60.70365934704256,0
614,uniform,67.9415040221145,0.9878336082766538,0.018138348942866617,18.122942575506016,60.61666032974859,0
615,uniform,65.22795049289871,1.0008238513373708,0.014859346450903553,29.072670021618205,66.34361059743358,0
616,uniform,55.479624095371584,0.9742815193861509,0.01903936689930665,19.29923401794077,39.3784950800243,0
617,uniform,66.74824627095472,0.9492317246031995,0.013668551986291197,31.609572005624685,59.94933655023627,0
618,uniform,69.65565670616397,1.0162643772070998,0.012078712968117267,23.34355280881749,60.66056841686685,0
619,uniform,57.51171056797282,0.9738675213501014,0.014897988229767366,22.227411378682834,62.805144099561474,0
620,uniform,56.416734416758715,0.9468356135668751,0.014475274922650194,24.644839653180128,79.6284008488264,0
621,uniform,55.99896411315493,0.9859697504327505,0.011394854388969911,22.67851445229646,56.6046556907348,0
622,uniform,64.87305852281018,0.9577111577549857,0.01407491196968568,22.22594388749299,59.31011490878889,0
623,uniform,62.87104774092309,0.9772056746127694,0.011276179556947777,26.313839902191884,37.62994176872384,0
624,uniform,69.19314314232206,0.9772637813549055,0.010596035092264807,22.672382612718437,71.6433108978463,0
625,uniform,63.5698626194568,0.9696403780313078,0.011956778341722183,31.907386940084123,38.788346829848436,0
626,uniform,64.91745786588208,0.9695270166446626,0.019176028172252783,31.03702951389155,58.698484133156406,0
627,uniform,63.580843011457034,0.9762009658723528,0.0171768010407054,22.15292543147691,76.50911355258984,0
628,uniform,65.46683943787792,0.9721702107859881,0.015626435844017367,29.560867564810927,45.57558570245847,0
629,uniform,64.12384179541039,0.9394639360049014,0.017908746817855554,21.686740184757603,42.17227044321906,0
630,uniform,63.2001335563609,0.9864649599840335,0.013328110515243902,30.443475208587806,70.61319306646331,0
631,uniform,59.58453393279861,0.9314889036328226,0.014154794614754525,19.719805940314384,50.94940961356688,0
632,uniform,71.36924208758515,0.9286826790773506,0.01111511288695884,29.649628502143127,52.6117058264108,0
633,uniform,51.303600369167995,0.9986082943976402,0.012572638434911122,21.178508309238797,53.88691991041522,0
634,uniform,59.54344834967664,0.9650603536456362,0.010164111814591032,31.7963396836835,40.248690904912905,0
635,uniform,64.68520076644378,0.9533014444285638,0.014920690762150064,30.902533060154923,83.34542072334847,0
636,uniform,69.00751753015756,0.9469788984768102,0.01446254689753896,27.80249142732963,54.634822244969314,0
637,uniform,52.34132949839257,0.9980371359872873,0.019681937490091145,20.669399542954746,75.37832299670379,0
638,uniform,48.02063158830062,1.028658143843864,0.014280472453514404,29.01919945757006,56.82281376685208,0
639,uniform,58.15122861337889,0.9399149450975007,0.014170578313373811,29.321183168446208,39.4392418044394,0
640,uniform,68.44351844855049,0.9904801284444857,0.012166438063857405,30.553532800922998,64.88782994960178,0
641,uniform,66.20378278051909,0.9826632164508792,0.01855492911129075,22.14068974522726,37.03507396323322,0
642,uniform,48.763288093355285,1.0217957976679202,0.016518640525919778,27.354947399322384,70.17260836437747,0
643,uniform,53.14663165519704,0.9254432380791194,0.0179261021644301,24.69575571181261,39.147037363323605,0
644,uniform,48.641771773113746,1.0066226347494835,0.01117897044281472,27.253189541843106,84.6063298827996,0
645,uniform,49.83004422641173,0.982259336238099,0.01595090235477513,27.63565847366211,60.46767735924618,0
646,uniform,54.903852819126826,0.9720251086064369,0.016994502127294225,19.157793268011545,41.198470899477584,0
647,uniform,66.07156272169827,0.9912920655345805,0.02019516793363661,18.464099884340477,78.28419264501724,0
648,uniform,53.281732402730576,0.9746397483033049,0.015271293510711027,21.18386769987114,38.3418972096941,0
649,uniform,58.66755683093085,1.01165732831526,0.016843166278909177,28.913859589860277,53.08318003073195,0
650,uniform,58.5552154354088,1.0182366938437757,0.012257466337577414,23.542943518323504,42.736979886124715,0
651,uniform,69.68972966113107,1.0228736119091122,0.010832043366209625,28.150879302839304,72.55784016155019,0
652,uniform,57.659593296896965,0.9798472922432666,0.021999400636824092,31.692245312719237,72.89325713224022,0
653,uniform,61.247970134083026,0.9501829761947649,0.02149166246479582,28.17594364344812,50.00536538715944,0
654,uniform,57.465584134198934,0.9811258084918276,0.020923164415032926,26.669738388504086,74.68494695345466,0
655,uniform,56.30562573280294,0.9906089633128049,0.010123578959743426,25.15955589392806,38.676992535375874,0
656,uniform,65.95998624027862,0.947567307459838,0.010818644733391376,30.000692839318518,77.93518630264191,0
657,uniform,53.830541443395155,1.0294111980619474,0.011558479870544782,29.086528376967355,35.5328873652691,0
658,uniform,68.9230812380278,1.02641523155591,0.014440983520683948,27.201390226452354,84.9390723628053,0
659,uniform,50.3921284293513,0.9265852908372402,0.01660873666985607,25.75564786049889,76.29671180128445,0
660,uniform,64.63027168542543,0.9405621952525043,0.02162065949666767,28.36855766386671,84.46549834462817,0
661,uniform,53.711993402095906,1.0201023060114807,0.017652806718516777,25.838512325916632,74.78664586272657,0
662,uniform,49.80195458644126,1.0235620016005191,0.014465144218370854,18.5949030855997,47.856324131999315,0
663,uniform,60.03114562384185,0.9369305336650756,0.016327353352395917,30.223119357093974,83.77843945979876,0
664,uniform,67.39951110101387,0.9204850069256534,0.0196182377970747,21.686328393008758,51.66872678940359,0
665,uniform,71.91926842507715,1.0167550870821935,0.015539504197846235,27.77176347631616,45.79373849099066,0
666,uniform,50.43834878984699,1.003992716503945,0.013302028206566036,28.856238782605207,70.99529421683829,0
667,uniform,54.986907926441965,0.9976955783774816,0.011967153859340489,28.352211296229385,72.15550416217252,0
668,uniform,51.461560028973196,0.9959049360290614,0.01622987029313432,28.394122949550585,41.167492140790785,0
669,uniform,63.499021173124724,0.9936105652639566,0.021902423823606652,30.31605675894796,37.39474831067038,0
670,uniform,63.410067499150344,1.0022543213624688,0.010107555577110197,19.01126215208736,45.79599007307032,0
671,uniform,65.35203615963852,0.9592302765196052,0.02022265064380812,21.29626773743494,74.37216128276185,0
672,uniform,57.44104711102511,1.0002529551844752,0.013912221742385053,30.02218706362821,36.08976058312276,0
673,uniform,65.17864543946511,1.0108926684311406,0.011476841998451002,19.69976998030509,52.355110441332805,0
674,uniform,66.1060233764705,0.9350051062711218,0.0212766536265026,26.650173292643302,77.80221477681383,0
675,uniform,50.65261720411066,0.9684723244033221,0.021063128828906628,27.7137749545936,50.046490246373054,0
676,uniform,67.57585006247943,0.9532546651060881,0.017104188200805278,21.939036454724466,56.9335087771549,0
677,uniform,51.68657060572802,1.005092200875395,0.015014308389514635,31.936142142194235,67.48246439894172,0
678,uniform,70.70550624399421,0.9218432765349509,0.013117658615990853,26.47432582034306,48.279523611126095,0
679,uniform,61.054412140695,0.9448362493755722,0.012220841530498452,22.694062347764955,40.380962859039286,0
680,uniform,53.35198160858073,0.9252126271663988,0.01569806101758329,24.249674500217175,38.758916199025855,0
681,uniform,70.68562113453248,0.9991217645810088,0.016745020513132827,25.209333528742928,82.0371978026999,0
682,uniform,62.77971365683929,0.979961961590716,0.020851804682145238,28.754607003728122,46.66558243666339,0
683,uniform,66.80379935726242,0.9373609961118776,0.019433537414579965,25.571943529612884,62.501142753829505,0
684,uniform,48.01595491555686,1.0290443312096471,0.016584286940942213,20.78329406303989,43.524550296978596,0
685,uniform,66.80801422664605,0.9512769689367947,0.01890998734083455,25.844483015676627,51.544793706255916,0
686,uniform,67.02702149238439,0.9610390631771896,0.0118751032725346,31.413258148220677,72.1001197668738,0
687,uniform,66.74681772331652,0.9936763017000825,0.019936559517539292,18.279924631085116,73.14166052752799,0
688,uniform,54.629248216430824,0.9814969508233369,0.02086100364402408,19.915978735503046,78.53569056788874,0
689,uniform,60.82417174957108,0.9987111453601002,0.016222487036627948,22.154963198852414,44.04760478828276,0
690,uniform,70.30501306168001,0.9342528054624422,0.013135259023261382,23.76056434406782,74.17896951771348,0
691,uniform,57.46918868971398,0.9288554392753706,0.01640264809668753,29.261144862951593,66.07467581694688,0
692,uniform,61.66634176090589,0.9488608311502772,0.012805382915015507,25.14687623118783,54.57397498463426,0
693,uniform,68.71663329449255,0.9867590537938482,0.012882464767664999,29.474392598734447,63.402473928381326,0
694,uniform,64.249875729553,1.0039752457274926,0.01595621499886596,25.134586376735264,81.55880202035371,0
695,uniform,65.04913226036062,1.0009625554747836,0.013643982843036974,23.433656481087052,45.767414665953936,0
696,uniform,64.86485800459984,0.9369579681016895,0.021595618514432258,19.404967040748573,67.95892007315345,0
697,uniform,50.026510473536355,0.9401532504833008,0.01465482853406066,18.854405641190837,61.15812581489375,0
698,uniform,66.93220591529911,1.0126158939349148,0.015939012863839096,19.544519155532164,48.255365670528,0
699,uniform,49.72359587078982,1.0035910083055715,0.01913542146493327,21.120050080685605,46.32343299019683,0
700,uniform,48.7893909034328,0.9506925676962943,0.016845186505501465,31.62839968919352,83.43255435307535,0
701,uniform,52.46497935964827,0.9447117644520842,0.016370836919152806,22.463861161206346,74.01593438301163,0
702,uniform,55.96127819701851,0.9617970139417901,0.012701543945709643,18.78832560592391,74.13453181965139,0
703,uniform,49.816410188605374,0.9695599288654861,0.013931151305540332,28.144019716274535,37.83008899744779,0
704,uniform,50.55436015782963,0.9253568396650139,0.021600125612765628,25.044557356557327,37.97129919146455,0
705,uniform,61.101197957384926,1.0107963006540257,0.018578215502563337,18.26652274139369,68.63979769819917,0
706,uniform,68.01691529742979,0.9304334076335397,0.01871991823982542,29.901529247776764,66.70029866094994,0
707,uniform,58.78915694170961,0.9894377853381787,0.014524638863488995,31.18067482399722,74.9663495858736,0
708,uniform,56.574289397736365,0.9430185468403324,0.018698219467796217,25.098483391237657,77.29058914108609,0
709,uniform,53.99456562015703,0.934214175951886,0.012563085115508212,26.302463950167528,50.64535804436674,0
710,uniform,49.03955549655815,0.9388761717683137,0.021108057437004467,26.85081099356804,37.58574690088081,0
711,uniform,69.93725094900088,0.9987544686132428,0.011566598923557042,25.6907339129461,58.238420766133565,0
712,uniform,59.198360661919935,1.0164532404829814,0.015270510699003852,26.310152657081524,42.71836009087181,0
713,uniform,60.46020505245141,0.9719124862049346,0.01568074056726244,18.955988994952303,61.20197786941436,0
714,uniform,58.314371820052315,0.9422913874390635,0.020383531374710828,24.437572955704013,57.30614733895611,0
715,uniform,59.42092291031991,1.0248636364609027,0.011341342491972219,20.975807332879956,74.37402908437176,0
716,uniform,53.44565550101971,0.9855195980238335,0.020806684665064724,18.58611670718577,80.85458741605193,0
717,uniform,63.49408125044624,0.9872952088267228,0.021415659231465163,20.397089961939916,69.35334420680644,0
718,uniform,54.95095170250889,1.0170993912867392,0.02049160343873022,25.418572104579624,75.12369714180974,0
719,uniform,51.05147122848066,0.971911513679274,0.017084330754125944,19.671003799141836,64.77497655149762,0
720,uniform,52.32046763091655,0.9767553907056082,0.020691740413016715,29.126233387399854,64.15626718564897,0
721,uniform,56.441674744693415,1.0053177150195147,0.019678873073924043,29.206168784896605,64.1438943245251,0
722,uniform,65.52755330213154,0.9745471134649943,0.011339891185288272,29.006551776200176,60.09767789330426,0
723,uniform,65.35661019194043,1.0103154916561146,0.021828086056335034,30.534011425146012,79.02008435618053,0
724,uniform,58.58316746026276,1.0196768115234518,0.02159776315444633,26.484637983239928,46.342051843171944,0
725,uniform,59.89024835758364,1.0092751496995689,0.016521520108562605,23.883850730458953,39.997710134881125,0
726,uniform,57.517136121783416,1.0276752520282237,0.010168722716509097,23.785883501368296,61.75451644599165,0
727,uniform,65.18517122354231,0.944277540155275,0.02032058356966343,20.8701843528722,79.41242605052935,0
728,uniform,67.80876265785136,0.9913078359487894,0.01692415705684347,25.84640600828,76.29685103624021,0
729,uniform,51.88575983135961,0.9801409319104633,0.020946398280128502,31.003287790935826,63.080312966799,0
730,uniform,52.37821402893262,0.9324338005111217,0.012520530168315277,18.892560866759297,78.1487121309611,0
731,uniform,71.45518129078101,0.9563395826247959,0.011663728797689035,21.723235260389984,51.47467570147536,0
732,uniform,59.45809887232089,1.0139171759019183,0.020344283594830873,26.324859876840186,65.43992985914753,0
733,uniform,66.29509097425438,0.9754028761439645,0.019844387856141676,29.594312098085744,42.68741021909008,0
734,uniform,66.60778015571837,0.9727878180692606,0.015377659402237724,26.559141656696234,81.12258428274646,0
735,uniform,54.61567920106629,0.9577274044457367,0.021372104594382917,26.843942861208504,70.33326427860038,0
736,uniform,57.63057429854892,1.0293640407175215,0.018043046844577526,23.401674847810064,78.48555253543657,0
737,uniform,57.4820501215079,0.9456994623504515,0.016708971381253573,28.52392640394345,82.22131126075053,0
738,uniform,60.74115322803501,0.9770905619995467,0.0122507793793963,24.660757544324102,41.39070189566703,0
739,uniform,50.279579055904385,0.9655297304295043,0.011846652417302038,20.461209619434303,69.40736842618256,0
740,uniform,71.41287764023649,1.0039592949140868,0.011877382922092231,22.64246934506647,39.03756608668426,0
741,uniform,68.28140813521102,0.973064589157723,0.014245110879249095,18.63627542386975,62.03010511645272,0
742,uniform,69.74792916476255,0.9770733790113725,0.017782503770119275,24.6703554348344,65.89781898667071,0
743,uniform,67.34260016195,0.9932473689700481,0.017465076544182126,20.946293622793213,54.89889795807388,0
744,uniform,64.24013014841955,1.0006223639952647,0.021916312067252728,22.831052227289874,74.20352997739867,0
745,uniform,61.6227373928669,1.024203770181972,0.010682718528493897,21.610240574812817,41.30743943436248,0
746,uniform,61.934797864916504,0.991863762228877,0.016050561389445963,27.713252436836534,68.21400343374654,0
747,uniform,53.093402757881144,0.9346586712698394,0.011278182503717643,23.6132170573398,43.13929386104235,0
748,uniform,53.67444773216645,0.9954673420734655,0.015004891266216038,25.982451064490565,59.926579977752326,0
749,uniform,65.83833761728457,1.00527472706862,0.015729607176281576,26.836278055330233,76.9936958277849,0
750,uniform,57.14775148880724,0.9728757523000735,0.021349180072427466,21.17134364604902,61.864802489942434,0
751,uniform,71.8581568855441,0.9557152371313692,0.01423145382549742,27.689145312596093,61.27314878165687,0
752,uniform,64.12193394383911,0.9788124445195394,0.012658509760064574,19.895756857983805,38.38608926182396,0
753,uniform,68.08153739449655,0.9331546779938944,0.015377734945723571,28.470430164371315,82.33517293534808,0
754,uniform,65.06951169089047,0.945193665291192,0.01578374290728373,27.204398866089335,58.146886276547875,0
755,uniform,58.56963710029717,0.9655129774896759,0.01289213231669704,19.31685985298356,40.84042850894653,0
756,uniform,70.42403684094862,0.9676637292329624,0.012084930828710204,29.629329651095148,36.92049220582031,0
757,uniform,51.56337777150773,0.9695083793499608,0.015221404353873756,24.63009488703208,54.63850280536167,0
758,uniform,59.01542429927438,0.9663078992011622,0.018548802278752444,25.39969024736527,42.86755689731128,0
759,uniform,61.25873208366343,0.9879651858427988,0.01575811007212998,30.980420238833794,59.78628935452242,0
760,uniform,49.38255300455441,0.9370246102646766,0.021678036902914623,18.77175395602509,71.79992072859521,0
761,uniform,71.8307834697502,0.9868133529597793,0.011529127225110264,19.8150551763784,57.68781315862938,0
762,uniform,50.90039817892341,1.0197823879615426,0.010180979070877729,22.78221424602542,63.573684883405654,0
763,uniform,70.265307348133,1.0258868772563572,0.011664076731666665,25.002627000739317,46.955923846929124,0
764,uniform,66.46662395046243,1.0016240152562985,0.014752559160672444,25.695890668784457,75.26867485617164,0
765,uniform,57.174049516862354,0.9596579682943546,0.013238710069974974,28.57201461510184,81.25681640553398,0
766,uniform,48.25714680192293,1.0139340254847,0.0172966191648871,25.801589853795285,73.6685266020584,0
767,uniform,66.97473613246538,1.0202655644123757,0.019064395360471314,28.550332214263612,40.85362939296453,0
768,uniform,62.73425816374508,0.9796925067448085,0.01156803152944464,22.1332034970905,57.900308469792975,0
769,uniform,49.06779963198356,0.9431361377526198,0.016508845684457797,29.24678195798122,68.96430092066922,0
770,uniform,60.25784478021371,1.0163368771914865,0.015994295057218073,23.965695869970315,39.67309707319913,0
771,uniform,56.24670719997361,0.9598926128333906,0.02050081462359438,19.014757031436435,77.53472754932434,0
772,uniform,50.1423542345019,0.92073425114621,0.018575288989707905,22.376016450518954,39.23936650744308,0
773,uniform,48.220611811525615,0.9654944508797215,0.018351855037460237,18.05060626192281,55.40700234287163,0
774,uniform,68.13659536210062,0.9957790383608833,0.016178473377026034,26.00708010715761,40.68544795465305,0
775,uniform,59.51953655645755,0.9363118748567042,0.01902671807874642,18.37312851347189,35.657808001731304,0
776,uniform,57.83008542611768,0.9730684454524072,0.018174924571997552,28.74403509639543,82.67724479000431,0
777,uniform,59.60283270586219,0.9964413669880736,0.021758055944798446,19.796439420407527,79.87319304092622,0
778,uniform,53.33277683633893,1.0126544347630082,0.016258436583928663,29.07045864534599,36.692923021794556,0
779,uniform,60.13175310280532,0.9767962886564033,0.021982251704671676,21.415934096222436,62.87513909522957,0
780,uniform,56.64039727842807,0.9494705279882841,0.01590960975661192,31.042223617671333,42.78813421528543,0
781,uniform,50.69024288454608,0.9928809875169446,0.021718227586600913,20.2519865192513,43.092638527498806,0
782,uniform,64.33086058580497,0.9241645626953109,0.010736137531105295,30.044293188872103,84.06230640471101,0
783,uniform,67.85745455389164,1.027613331158326,0.010558901188323075,19.11604744410734,54.275516006931184,0
784,uniform,51.522045626574645,1.0069767960830271,0.015684226540388375,18.074628053447693,45.841352694622415,0
785,uniform,60.64033671350979,1.0099275032922816,0.01119236283953974,27.42132135019453,67.49725247312567,0
786,uniform,71.04467403978069,0.95563731649726,0.014239459389339277,29.28083681283517,60.12180175982445,0
787,uniform,51.90341258703921,1.0242022167652534,0.017143719630662427,30.201610619620176,84.59159872489978,0
788,uniform,55.9818308492449,0.9387308151123226,0.011963731942887764,23.718152833946576,39.66788596562087,0
789,uniform,53.72815456430658,0.9811996559391363,0.01970083397193575,27.215512744254617,38.49724040526153,0
790,uniform,59.60929005799986,0.9636000126903206,0.010188059163227355,28.819396128318807,44.76947944599258,0
791,uniform,59.855508588893024,0.9969816105994611,0.016222110419194725,28.395218152089207,84.70679536354808,0
792,uniform,68.3078464967692,0.946809087265661,0.021294479125759797,23.82741092323143,50.110561018791024,0
793,uniform,48.075926795118,0.9470661393303376,0.015454806283788274,20.12034580313331,59.046892085311995,0
794,uniform,68.73820749305233,0.9240980408926517,0.01915256581545765,23.298702599454664,79.19250102021286,0
795,uniform,50.932408637078524,0.9435662473853911,0.015676640039566925,27.677821092502633,66.43677385620289,0
796,uniform,56.95552172785894,1.017390892476175,0.019873284972972406,22.71543864104682,79.65592682454837,0
797,uniform,48.49263761766953,0.9419364592359211,0.013448622398052695,30.46512273501863,47.14015419520631,0
798,uniform,49.74476667443607,0.9914223132369955,0.018698010104355404,23.425702564339204,36.67232488824093,0
799,uniform,57.10740429250994,0.9649025281478825,0.01617540979275294,26.816223330852907,47.00168011986335,0
800,uniform,51.72601227872854,1.0101912383869132,0.011125181781356576,23.862423653406868,39.460650182708534,0
801,uniform,58.58789885862177,1.0267751511195875,0.021624031889520976,20.17281197646784,66.79128897832697,0
802,uniform,62.31916355572499,0.9221975405215582,0.014148983438592173,24.04023307792219,47.83916289986075,0
803,uniform,61.92802113689825,0.9634599198041442,0.012504942255972788,21.070807096258957,72.53018165141853,0
804,uniform,50.23640912937238,0.9415360470457772,0.012683169632487272,24.24495574728246,51.942311438030885,0
805,uniform,64.93884274299558,0.9741343959339344,0.011680745073160567,19.188903414102615,63.21732784589555,0
806,uniform,66.46393213501968,0.9615925012225928,0.011107725984939256,24.399045773629055,57.93002312169,0
807,uniform,59.97118638083468,1.014556480866654,0.017047210466990925,28.875535028622032,81.18212228212153,0
808,uniform,54.08941898449283,0.9361282501192401,0.01116927954164374,22.74150815957516,77.1333517508152,0
809,uniform,56.89723785375469,0.9248707695993809,0.013308376246069141,18.60786916098969,60.65624845805415,0
810,uniform,49.3831219070544,0.9333682654106764,0.017818312090816205,28.023552419299595,64.2787280406177,0
811,uniform,51.967826724517785,0.9819266078513983,0.011204251224314668,22.148634285299483,69.3968079581881,0
812,uniform,62.00391280610006,0.9303565606702644,0.019394248553576517,28.311034027316374,67.77652658986565,0
813,uniform,59.24468176679982,0.9460050759371941,0.0173304330386028,28.54136545784843,50.21458629991217,0
814,uniform,49.73809968843114,1.0031189836732235,0.011186616481301866,18.292696367390942,77.78680692199367,0
815,uniform,60.37425677773288,1.0200058183963372,0.013279741518918153,18.491938069216403,72.16724113237922,0
816,uniform,56.971087172021846,1.0034788741438763,0.016563646408741296,23.80891995790054,39.355033289836015,0
817,uniform,65.06175526301502,1.0285200666493959,0.011985295583535128,28.892707644461012,84.23193134109248,0
818,uniform,51.88397549299937,0.9296627031654161,0.011532337169255433,18.35441009616809,61.36451793425974,0
819,uniform,52.25246629115123,1.0204029120063014,0.02075261753734634,31.78159187057615,77.17783102798147,0
820,uniform,58.53557133997223,1.0258239789038202,0.01048233259710814,24.909347090230135,39.35262182738857,0
821,uniform,62.59925673233717,0.9387972696130964,0.017653748114334594,29.80772999690776,77.73637821742896,0
822,uniform,58.28139891052429,0.9613061460560759,0.016980812038019582,27.39192647201055,49.1304727110044,0
823,uniform,67.72478671701572,0.9264984299211333,0.014462603938140407,26.4373609570614,53.80057438426843,0
824,uniform,67.87335488161924,0.9855905809612024,0.012381009350062528,22.125373217885013,52.499315121402915,0
825,uniform,55.87424883108033,0.9518062873060978,0.016701715430213183,26.38176270572199,37.09719632418259,0
826,uniform,70.84693173067377,1.0284917460184908,0.018243617672106496,25.83639181259047,73.75013257264322,0
827,uniform,69.47570453117152,1.0104644466105652,0.018498696703946615,24.73983531447758,49.47131505161505,0
828,uniform,71.34956994442408,0.9752124625135171,0.020385920977189383,21.189648065104137,80.06578544798299,0
829,uniform,48.70914090308587,0.9940847991595934,0.012991790193473525,24.65156161490635,61.49944180755692,0
830,uniform,64.2649505713964,0.9445891622532117,0.015220204847353534,21.870707873121198,54.15531684009457,0
831,uniform,54.99637211802316,0.9316605792716128,0.019117316018677513,22.64531172146011,43.73322574669878,0
832,uniform,67.49783276490469,0.9868021155624073,0.020197202465967994,26.0232630543663,39.74211419035739,0
833,uniform,64.95262520325963,0.9260469685040531,0.01072163961119726,20.893327544236538,76.65887331116133,0
834,uniform,64.71162119553675,0.9820102141190192,0.014431598007439745,31.725962329528407,70.22242616687441,0
835,uniform,56.84045319571806,0.9785239909278223,0.018564544022757992,25.799108353121717,53.24426499198297,0
836,uniform,53.90727556340116,0.9970184314801723,0.018286537291396652,24.845135805475433,46.796185313055716,0
837,uniform,62.03531419257773,0.9282757471579541,0.014841788036906424,23.70735701466045,36.27500015741543,0
838,uniform,62.94944773524478,1.0239797259895131,0.014960294291755641,27.954321756825657,68.32667272665608,0
839,uniform,51.54851746018079,0.995478013498628,0.010651652040914701,22.647259845714053,79.53738994097282,0
840,uniform,71.6095143442649,1.0015734970253243,0.01678224111117969,19.486143601599913,43.86436769169839,0
841,uniform,64.91723123010358,0.9933771535339165,0.011544804289838067,23.201432420914546,41.46772516192026,0
842,uniform,51.63583185675113,0.9513641869448465,0.010486282123557655,25.81214154666032,70.60433519517946,0
843,uniform,50.76577086594197,0.9604859729082506,0.01931214278788912,29.7634321440688,71.20870794187749,0
844,uniform,52.37672363879152,0.9507873790675386,0.014470251160388786,25.963268154411363,65.4070924559687,0
845,uniform,64.35421386244244,0.9757280969696875,0.011838975664336756,30.13188393082548,63.48991829798577,0
846,uniform,56.52713247041134,0.9284657943697942,0.01617418197620264,23.3478414313432,45.434281700982915,0
847,uniform,70.17380103260587,0.992524680459184,0.012171290248417168,28.79895581160793,58.1403035340051,0
848,uniform,61.216782815440034,0.94957464992545,0.012192768519404887,29.225993049080433,45.86850360550764,0
849,uniform,49.90683638142125,0.9511845704338738,0.01329087376989931,19.812427802012138,82.59395679497726,0
850,uniform,68.70945830340065,0.9527900558276506,0.01769719563615627,18.13971713944503,74.15366024977939,0
851,uniform,58.322612494533836,0.9768543940350524,0.017880276595816983,27.818346382482112,59.98150079892906,0
852,uniform,53.06761669170502,1.0006789705516814,0.013860159994615701,28.448977793886748,42.44878735072254,0
853,uniform,64.39135118250562,0.9558040323506398,0.013254664380213972,28.80331189178046,47.0515942424595,0
854,uniform,53.441145022259505,0.9262031558594243,0.02105121570866539,27.87463378859357,56.37933671498248,0
855,uniform,62.08120424069418,1.0150031253035277,0.012360890442407046,27.481862621640452,81.74372890097372,0
856,uniform,56.72255688809098,0.9593377198050177,0.01625731825016271,22.480974719857166,79.41164059602777,0
857,uniform,57.343631711403305,0.9303009094986184,0.012570422244090176,18.985856762397123,35.611878200004874,0
858,uniform,53.82345569837536,1.0193683449069297,0.010578781547305289,28.02352695374602,82.66714444346735,0
859,uniform,56.06061389291052,0.9800444631663698,0.01202329287151762,26.661466057040876,52.87162107080028,0
860,uniform,49.45488341324458,1.0252483776494008,0.01909056343908178,30.65049254895678,72.00946891941412,0
861,uniform,64.43124028294416,0.9702862530822656,0.019004128016274532,20.656758175662468,43.20891902965473,0
862,uniform,66.89717536307319,0.9250203568213642,0.011383467858880135,24.387815194927175,71.88285113421,0
863,uniform,62.66218371665052,1.014510175884168,0.01919013810692563,21.45886881103045,42.465657211090544,0
864,uniform,68.07007404812603,0.926367313260207,0.02086945377262146,26.20170977826147,74.30580945117022,0
865,uniform,70.62026606629296,0.9948835312722751,0.01267690150719761,20.23031069662742,61.232134926916615,0
866,uniform,50.33249771497142,0.9473008543327166,0.011642077699031642,20.979992535803746,63.515715170901174,0
867,uniform,49.017519743630814,0.9910082864961385,0.018946294110958592,19.340868667672687,46.660370930851506,0
868,uniform,50.416366321857836,0.9986091751059617,0.020964956957592994,18.626506430100147,72.76254519930878,0
869,uniform,64.28843062749327,0.9825016512719523,0.011163187606342037,24.12115569318493,63.89350114790905,0
870,uniform,50.25531044630772,1.020798617153584,0.015797663425371346,26.276462749913797,59.61442122718476,0
871,uniform,66.11721439555055,0.9312457392564671,0.014037800323969486,22.80128797754785,60.73994014178899,0
872,uniform,50.19046127881801,0.9589734036788242,0.016684336854099334,19.175713711722945,52.81006365276116,0
873,uniform,51.00159963267906,0.9262433781864846,0.013504895355715965,25.3687921344365,48.987871817435746,0
874,uniform,57.688631326811645,0.9913173685867275,0.019065254543446097,21.847387114669417,40.325966854944795,0
875,uniform,54.04541563447137,0.9513401119696527,0.021973126481976107,26.225373187842635,38.88858216242465,0
876,uniform,68.14848608247286,0.9813509364857089,0.012505910759786354,29.02490945642119,53.0042167927583,0
877,uniform,49.50837359047455,1.0258092805023702,0.013505475713456316,18.97156461463773,66.90598343613178,0
878,uniform,66.51223606260208,0.9505644630664218,0.010277592389710525,31.685509549128874,56.55936654715735,0
879,uniform,61.788980311677484,0.9263418150342723,0.011810156603820126,26.960813203343022,71.13701442527628,0
880,uniform,64.84754801423803,0.9270503986488496,0.02217729322453195,26.29415728575014,84.38168929198397,0
881,uniform,54.23697930858616,0.9235469694773297,0.020798542325417432,19.50114968971403,80.78009976129867,0
882,uniform,70.15167455579805,0.9614978523021576,0.01884226315147692,18.91616720031325,74.83173273159262,0
883,uniform,61.369248104875126,0.9853723976474417,0.014010989205987388,18.108111829006486,45.52494939684435,0
884,uniform,66.6246909424067,0.9324360927394296,0.020995776301514123,31.212076360175978,82.4606060843722,0
885,uniform,70.70901743831669,0.9427729777331838,0.011288218290066524,30.56267171443001,72.37623691488628,0
886,uniform,58.50213783824779,1.0012464424669067,0.015358635230613876,29.639113035495626,57.505735404740804,0
887,uniform,50.610820507922426,0.9687153557959762,0.015766610628230645,23.53909147085568,63.766528326362575,0
888,uniform,50.35648332105851,0.9580094517921235,0.014577157473566364,19.7332176919139,51.303224284755956,0
889,uniform,55.71201761717701,0.978479962344745,0.01653712019116423,31.402247973722666,84.53640479627944,0
890,uniform,68.0649377251587,0.966042297005357,0.014953846587359572,23.385529070699903,43.32763109926081,0
891,uniform,70.83554556028076,1.0228924548471523,0.016729044660655758,23.39775144777045,83.52231016245108,0
892,uniform,59.98265296343004,1.0182043552060214,0.016702938598380783,28.214150359860216,37.52602023782369,0
893,uniform,58.724802839494046,0.9926975018647791,0.010888063745353211,29.48915130049691,48.56078644522202,0
894,uniform,57.4861618561346,0.9341074066098153,0.01259463745769785,27.04110244918497,36.149412324133195,0
895,uniform,62.05723292376083,1.0167606535024656,0.016649943639075817,28.184655698360856,40.15872708564788,0
896,uniform,66.02879790526006,0.9771352289843991,0.01505683395425122,27.78392155162338,76.16476795225425,0
897,uniform,71.81478929262455,1.009400867944244,0.020195986288153236,26.182883976641648,65.53082053362375,0
898,uniform,50.149450339029734,0.9805110222929426,0.011019134400147526,19.288041660211917,50.61955146848956,0
899,uniform,67.49832862522743,0.9435140422197317,0.010798370426338636,19.806004999920997,42.0900891042079,0
900,uniform,64.64756721684701,0.9528328791792195,0.011135329157554734,24.897522503586348,71.7152528897496,0
901,uniform,70.12157578396325,0.9842762821440643,0.01749738262245469,31.497943692324043,61.231574578569926,0
902,uniform,54.86277762514331,0.9450796682998729,0.010125190697844042,23.013145471076843,72.02031298176203,0
903,uniform,57.27373835710664,0.9359536445146216,0.013403163279611127,18.19937963587652,47.6350429451703,0
904,uniform,65.96622177013602,1.021510115891547,0.012666411121822553,30.85314008125076,53.46088390164054,0
905,uniform,56.840624113132236,0.9400795819555139,0.014936620329662474,26.546046939597705,43.072441043526865,0
906,uniform,51.23692655906631,0.9958273252374177,0.01943528803052358,24.604762919445772,76.90766529606168,0
907,uniform,58.6292733849928,0.9906322909836953,0.018211352196718954,18.783740478719526,70.4647369235428,0
908,uniform,50.65308229328983,1.020373047264064,0.018795124818005035,22.773972561566254,37.85898883252176,0
909,uniform,61.31561672279807,0.9607893641354829,0.021305215238205208,28.42047262639636,54.647387056895944,0
910,uniform,65.07505919233833,1.0050714636809506,0.015616922472704223,22.284287685280514,35.3910438198693,0
911,uniform,63.996409419031316,0.9826812717926373,0.014779894504353562,18.85732838869712,45.76741081673527,0
912,uniform,48.327072055760624,0.9911155877978253,0.01720072426164063,29.056706397378875,57.899934590437965,0
913,uniform,49.11803338611645,0.9755501554316564,0.019412304192462353,26.226485998509446,56.59361641308955,0
914,uniform,61.27885243186252,1.013584668187368,0.013269594756352721,27.88607002108035,47.64146882202033,0
915,uniform,66.3122739013382,1.0117304227951442,0.01578077359623654,19.945945307610625,36.23486766018711,0
916,uniform,67.870158118659,1.0003460023285973,0.017127311548207964,18.283426990450078,83.91983651763584,0
917,uniform,60.05449445366593,0.9606736814859829,0.020203575154077516,22.812520496264284,37.12760492230211,0
918,uniform,69.56079977973332,0.9701073993828869,0.012687274556551595,29.81535108761795,38.51639478834282,0
919,uniform,54.64978615150516,0.9263984059384958,0.01530969104711174,25.194416659684883,58.23568489194377,0
920,uniform,52.01608111161349,1.0286360298490516,0.01578399766198389,21.77011648681334,72.13925651473376,0
921,uniform,65.01393763703021,0.9252673017147062,0.012169508875201223,21.85874651564511,61.885101384845676,0
922,uniform,51.15031877612756,1.0006470525137834,0.020835009513966028,27.96539122952085,80.13203105017209,0
923,uniform,57.486831463757795,0.9411078682489947,0.015430994071599471,31.959653447069513,50.063571020491636,0
924,uniform,68.15362035016284,0.9389086454032123,0.01438472196497014,21.78779370564655,55.53807317994738,0
925,uniform,61.2974683733503,1.0010188797381427,0.019294346667194588,29.923790590096864,82.71194418432242,0
926,uniform,58.04495208932674,1.0161335024572196,0.01883070230992231,31.47675714413385,41.36096469823637,0
927,uniform,61.33525198021526,0.9692325444514283,0.012358277016205925,30.769615202031027,80.24329411923722,0
928,uniform,55.19545280585757,1.0176048879468547,0.013840699962711304,22.782920495050814,42.38648199994056,0
929,uniform,71.31140022335303,0.9895579488143676,0.014576203827786393,19.27526342081643,76.04294845854305,0
930,uniform,67.74721664135183,1.0049475706667785,0.013572023782046548,22.198176315043263,80.0979356197369,0
931,uniform,60.06927699613978,1.0297394595086922,0.018260333321071753,26.15082817563966,61.20941089113849,0
932,uniform,61.23380731422628,0.9606625674709707,0.018901532152621286,23.42264199496085,66.60709491981235,0
933,uniform,60.1088936873805,0.9517268211729618,0.019310717002586637,25.13012399446461,52.35190692747263,0
934,uniform,71.53410324837633,1.0132921348119008,0.018966712957055754,26.65198370315113,61.903569017277185,0
935,uniform,61.36999860039208,0.9954939856187738,0.012384459977608418,23.9905209536943,75.63235756778606,0
936,uniform,65.33811026675727,0.9614746736378198,0.01352991517257915,20.94723191299894,37.289197552299456,0
937,uniform,69.2967829496304,1.0177983730090099,0.015002719116320524,30.287309406773126,64.20807680142936,0
938,uniform,65.55254871372507,1.0069669881183876,0.01940040721545124,26.785037526529806,77.2146766604394,0
939,uniform,63.23864829093806,0.9930338886719858,0.017867596500159115,18.180099105130104,66.31005867862055,0
940,uniform,51.98237273107724,1.0064248269382348,0.012267638984078894,21.464371319270022,66.24081594842521,0
941,uniform,58.29242171532451,0.9563843075571187,0.020375588432060988,29.53680055047969,40.882101189871804,0
942,uniform,52.11731451333135,0.929147532128152,0.013483094398399348,22.499824656696447,70.25891513329907,0
943,uniform,68.7219292269823,0.9880635969887951,0.010553566896231874,30.767696095319927,51.83338736772124,0
944,uniform,71.13559549459767,1.0223813155172214,0.010431760605175193,23.15832096006016,62.84675809676587,0
945,uniform,53.94578331300158,0.993286829006004,0.012093137645710654,23.803857922250096,45.304953737906054,0
946,uniform,50.85084737181379,1.0191194539552835,0.014285880663130605,28.3824665248778,66.3672263882671,0
947,uniform,51.62271216231749,1.015962057378292,0.016888498894000237,23.75413237071543,71.67878419222384,0
948,uniform,60.29545557460226,1.0144402793328593,0.014588967434309971,19.45977921505903,77.77531472274694,0
949,uniform,58.982328828694776,1.0086457118840937,0.01832529145287839,28.524410722916365,41.30680701820238,0
950,uniform,61.16251624101932,0.9575361622437043,0.012007083430779336,20.838773985360348,80.27892695988655,0
951,uniform,53.45995772542471,0.9747438428804786,0.012319961413619816,18.428311550883887,65.9089627752683,0
952,uniform,51.011047955359494,1.01439038356311,0.016126282439628103,31.274313789949307,37.42230582592585,0
953,uniform,71.76689695066271,0.9887439943888322,0.010995297820365948,19.044802703578824,78.16606777244908,0
954,uniform,66.62122407468874,0.9440848162015799,0.01953173234064174,25.76795836813642,73.30075586583438,0
955,uniform,50.45506692548159,0.9864331291852549,0.020264325136079172,23.688234396670275,36.03512204520987,0
956,uniform,62.68202296854399,1.0041312907629247,0.010124237754842377,28.70484323947108,49.189153052363785,0
957,uniform,57.168882517911044,0.9300732529372921,0.02117002139814167,28.145176504131427,64.34059946708535,0
958,uniform,64.44809508206706,0.9334324613035767,0.019817013722917148,21.783127056289082,55.38066049616355,0
959,uniform,70.21081552898156,0.9627831427247184,0.013599528060449277,26.76458468813898,40.61295567667994,0
960,laplace,51.68286917944859,1.0084772754189824,0.015532626035550688,22.172039978572805,46.76620052240233,14
961,laplace,61.31337817211387,0.9419050508002048,0.01207571939062021,26.29795253634978,39.966870041730346,19
962,laplace,60.80562704740748,0.9220328366179484,0.021901819533902623,21.665256089756653,46.163670303744674,22
963,laplace,61.30252850856438,0.962663589926648,0.01644090810508988,27.202759265793283,82.2647040638129,21
964,laplace,49.425863389367116,1.0008606175108794,0.01653526425393863,20.300384630471164,35.918279503812535,21
965,laplace,53.35242925122723,0.9373403066961089,0.015526243532764241,20.977900914074834,46.15103856814497,32
966,laplace,58.911109671591845,0.9627167956447719,0.01947923442792431,31.632619317132523,72.28057576291539,28
967,laplace,54.32875423384429,1.0000622927458203,0.017935783141562526,18.312008601689758,45.769204716799166,8
968,laplace,62.766257620026,0.9630528882544285,0.0197917618620748,27.17524455631699,51.89193229676793,28
969,laplace,67.98481599828958,0.9256374272385894,0.015771854687737067,20.731983112464178,38.04802434422303,16
970,laplace,61.5976168293701,0.9941574818962412,0.01745208375221704,21.150439994109174,63.5370804375605,33
971,laplace,61.051209717291655,1.0183451223123137,0.021816941365860997,21.5703606105267,79.13718043894711,13
972,laplace,50.278874118130446,1.0282862971296522,0.010022703195602545,29.6835857050446,50.728275948434614,24
973,laplace,50.004798912523285,0.9863313793929892,0.013690758112491411,24.182596391372197,79.39424829924175,14
974,laplace,60.9813164035179,0.9486782514445231,0.02052095984690445,25.93704054341177,56.900607992839454,29
975,laplace,58.46157249671168,0.9883570870065631,0.016969582590679887,20.49183610683311,40.50272662435693,35
976,laplace,53.60287758753261,1.0153683685305346,0.016093936628848997,19.016024631284996,50.0742060001609,27
977,laplace,63.718193291698256,0.9851154679975183,0.013309681400760168,29.319774236486694,44.525359190105654,12
978,laplace,69.83248735608197,0.9905345625277364,0.018354928736741327,25.176608572681836,47.153176861428285,13
979,laplace,63.0654449534808,0.9782145052798914,0.021212974892697512,20.80038427968484,69.98427718869874,28
980,laplace,66.15363933817487,0.9584129263765784,0.015325998347748034,21.32280962223715,74.22908890549344,23
981,laplace,70.16743030260999,0.9661929577420901,0.01882373442087713,28.15361375655819,50.16851179849245,14
982,laplace,56.95891991394958,0.9947769664102355,0.021140760913048062,24.547465888922453,48.43328239616596,16
983,laplace,59.98921302863973,1.0091230116393675,0.01862346989198182,28.575841002626454,36.38699202810368,20
984,laplace,57.418828514818685,1.0213007411228376,0.02070840051463003,20.416343735510498,80.71915395860303,19
985,laplace,71.1990203790771,1.0119214235734777,0.011296613052477441,21.77789237557262,74.98087840518083,26
986,laplace,61.320353751108385,1.0040165385741409,0.020051303621493547,19.000565734434723,56.45260323754441,21
987,laplace,52.9570961221474,1.0267568648097818,0.013135017424281522,19.662274656326655,54.49046482665306,25
988,laplace,48.55483434066951,0.9977752488030632,0.017194612204887768,29.31932109800774,65.25734287770214,14
989,laplace,53.92491726498932,1.0246053964358437,0.010123726450869909,27.82590655957295,48.58261738955434,27
990,laplace,58.590810921129574,1.0280612640651954,0.017599889494006406,26.15351452839313,76.93515562280703,15
991,laplace,52.86578236177339,0.9394338557130657,0.021465895394676204,18.85054684192402,53.530912167004814,23
992,laplace,55.28758307089122,0.9339040815377325,0.01890320325054733,24.728789876964676,72.9429653983864,34
993,laplace,65.04387920761127,1.027390008417765,0.011485864364324493,24.82508328592736,42.4858368918512,10
994,laplace,64.59926591832325,0.9242253066291994,0.013070656852072048,25.728239395484486,65.96184357436192,12
995,laplace,52.44107779820852,1.0192260284256784,0.020895522243654038,24.431560248991772,36.33594805475601,17
996,laplace,50.17026972136572,1.006951291567154,0.010196555708734114,25.530763195946584,61.00748839865725,29
997,laplace,68.29024980733521,0.9846738262873447,0.014159362636131287,20.773152653919656,38.88216056793886,15
998,laplace,60.94854762777496,1.0095218896475018,0.018861690802434453,24.476077829198537,58.10439540929909,11
999,laplace,68.30688871822872,1.0286218572641896,0.02015934132053362,20.380688272979093,61.993092254982976,37
1000,laplace,55.191967460078516,1.00180239337462,0.017860434231192306,21.67475215712357,38.269480605652035,25
1001,laplace,67.77547877086948,0.9768566806762379,0.01530032596521296,24.537708629623797,84.35866874427644,29
1002,laplace,61.80034063895879,0.9924156921938074,0.018568307546487816,31.43976264880463,71.84921735499668,34
1003,laplace,64.23384947454775,1.0043349372692338,0.019489697105200904,28.9903160665993,83.2708446145752,26
1004,laplace,67.25866606743818,0.9723424439175625,0.014964464534081423,28.37137655927654,76.6817590286329,27
1005,laplace,59.323076296439325,0.9826625176064057,0.016518664576472514,25.66419670983914,59.880061718748735,23
1006,laplace,56.734283442577194,0.9803811093719684,0.021792024194941893,19.696460781150325,38.94155195415913,20
1007,laplace,58.592639984925206,0.9401360918143421,0.019009129225369865,22.989843996945197,59.78387338807113,16
1008,laplace,71.97772437101595,1.0219137046238367,0.014032471182763224,24.49085602406335,61.01562088887139,13
1009,laplace,50.75036555252245,0.9349276362944408,0.019587573277328484,25.586881052702303,52.985900885479055,29
1010,laplace,54.28822941485544,0.9908649339921902,0.011377943038641357,24.669558852320026,63.850735014825496,19
1011,laplace,71.34109581869086,0.9777615722090718,0.014418735192789625,24.053995300088424,53.90810269793484,21
1012,laplace,54.62174843921788,0.9661637298030951,0.015373349170308253,27.04982055539474,46.31224558415186,32
1013,laplace,64.47017708938469,0.9587835876839987,0.013725343010225734,18.194410553012325,42.71406216939322,22
1014,laplace,56.435841350777764,0.9751803668027048,0.011493811251200933,27.0552224267108,38.10034121327428,28
1015,laplace,69.50577236089876,0.9973279537558652,0.012705511285302536,20.57422266754139,40.61316739140174,23
1016,laplace,66.40803080101486,0.994141468699713,0.01302456748998558,25.24602083376596,39.962982280633526,22
1017,laplace,67.57849953492376,0.9293803993051677,0.010565971841377234,30.829224489671574,66.63188748768461,16
1018,laplace,58.8801475795343,0.9419614302813805,0.015130730494057108,25.45038647498542,61.47089022464694,20
1019,laplace,71.88511868783016,1.0261034026467613,0.01926768856550165,22.50148207120445,83.18748038328258,28
1020,laplace,49.01905860829627,0.9381408339892986,0.013341517922735772,26.75620661450891,52.94176687137637,14
1021,laplace,67.68310795110847,0.9471698594323047,0.020816465534125136,26.738120469979478,52.31760256096159,12
1022,laplace,69.601114841799,0.9990925979818305,0.016052435618795758,18.465483571967294,50.69894690887128,15
1023,laplace,62.78074079389365,0.9966582423925475,0.01947651647797725,22.358943235066974,69.13824261145463,16
1024,laplace,53.72532066834019,1.0052367784949279,0.019168591469867012,27.03527100623459,74.3614597332263,28
1025,laplace,55.54355138375969,0.9487116632975733,0.016274457831934847,21.631640167913044,37.71960563165114,29
1026,laplace,63.4690933922352,0.953440171825571,0.012765113160749778,18.384118163001972,79.93116711279112,20
1027,laplace,65.4437498617293,0.9569260939191686,0.018251652733094037,19.999915076624344,53.90420153797019,16
1028,laplace,55.78368003760846,0.928828864322599,0.014591466825746777,24.18800277698883,73.69126905804163,24
1029,laplace,70.04467268649348,0.9448526124883714,0.010335172958515484,23.689289138233484,39.76478401152394,16
1030,laplace,70.32906579250296,0.9844363922332255,0.01232140216776416,29.836334519506366,40.20051106558714,20
1031,laplace,66.81283151877447,0.9200330566455331,0.02032577881374094,28.356601062944378,77.74336524788566,34
1032,laplace,63.874803001046146,1.0024875475172699,0.011393104404968392,27.886504744978588,81.35960474792805,25
1033,laplace,48.40884690675308,0.9651378130053776,0.019921287567502794,23.721127922650943,55.34468791508631,24
1034,laplace,54.03866306672895,1.0062048721357093,0.01786583116745675,19.573753261970495,77.44825731009975,15
1035,laplace,53.67495369433531,1.0147390016389182,0.017721505613455077,22.73872299331855,72.98227019049096,8
1036,laplace,60.45133310702606,0.9759362605080466,0.016530712973512707,24.89672631589771,74.69523484968796,14
1037,laplace,61.512112616445016,0.9738720153872733,0.021539115854973714,28.912216866987116,67.21913449775442,18
1038,laplace,59.5938470130849,0.9924008101802175,0.020063399290800733,19.92820581151747,76.24180011107941,18
1039,laplace,51.83242651338769,0.9614351149963383,0.017381388041564638,28.292829214450443,65.11158035649913,18
1040,laplace,59.70950041528518,0.9545727091984398,0.016610778664874905,25.112747583183655,37.01953752979751,37
1041,laplace,58.763529757071915,0.9275696167357694,0.020626079394725043,20.65119618159887,73.82679253655078,27
1042,laplace,50.69573430914008,0.951231448324837,0.017176487075314998,29.406111688767716,36.88289999613587,9
1043,laplace,67.82631585669449,0.9606942645974815,0.01589532355490528,27.475293048684534,75.80171658429563,37
1044,laplace,57.48001460200858,0.9264596826415096,0.018297178976275887,20.811513366873992,74.71979259006052,20
1045,laplace,69.61204070307737,0.9936950269174549,0.010100295196729229,27.307050260242235,50.64157779345918,16
1046,laplace,51.3944980402563,0.9913586332639583,0.014934088947076346,22.41088141444631,46.108961857428085,28
1047,laplace,55.16201042599295,1.024840808470237,0.0139838556742761,30.587614713054364,70.64819761470396,20
1048,laplace,64.59259400208828,0.9361726009348473,0.010575339263956892,19.587734652934483,54.84212987872307,25
1049,laplace,53.20903314106666,1.0188652508521476,0.020096680415913906,25.681889274485627,82.14016120568712,22
1050,laplace,53.9085243300771,0.9302699307571493,0.011567748785951102,20.63202989615491,51.498629478638264,37
1051,laplace,52.241615963370435,0.9494087829372836,0.010605761765080431,29.976045557409034,77.03880757584622,26
1052,laplace,55.4283880003774,0.9673845176856235,0.011834669900591161,29.032446250894566,79.17975717918495,12
1053,laplace,69.58613449919139,1.0255203282598857,0.01870682202336642,31.344552084715936,60.7914939588061,19
1054,laplace,50.797969745179415,1.0236211728416151,0.016538198706021145,20.914849748204595,57.89953273933907,23
1055,laplace,53.73453407596354,0.9282563203327177,0.02120972079860847,21.040691135102985,42.726215104781446,27
1056,laplace,62.876389836189986,0.9631358479357708,0.02061875826007539,22.103524385011706,54.822104824197865,19
1057,laplace,68.91411290680867,0.9793153923800503,0.012229787990447293,22.376984722883023,55.65898226989332,19
1058,laplace,68.11601797603595,1.019813772840636,0.01312162448669502,18.58057820608484,38.09314008223118,11
1059,laplace,70.26388893196402,0.969602476596186,0.013162031534168157,24.147709333779442,41.83160480257423,11
1060,laplace,56.6732447564314,0.9939087980404191,0.014794514609217423,21.15806703071244,76.66852797221497,17
1061,laplace,54.645991374596704,0.959686092067552,0.011676824105481813,21.266618971098833,37.74879015933782,24
1062,laplace,66.63021072353834,0.9909392462382037,0.01525846954638374,23.57990300476134,79.5647869542961,5
1063,laplace,58.83131521339311,1.0041862691923509,0.011167777350371721,26.445023230636544,69.0788327473471,21
1064,laplace,51.28188403531526,0.964576478170756,0.020890903400628557,31.168171547265956,43.08989026435637,15
1065,laplace,57.99735953888833,0.9362287099360578,0.014556174956321397,30.268798058465322,80.5068828967224,12
1066,laplace,55.08691870228883,0.9799877093035754,0.022002331797090637,27.413089407470295,36.527706717444744,26
1067,laplace,55.32503198786329,0.983646970425345,0.012280735211679843,31.629871738612795,67.56303846397267,13
1068,laplace,61.73955459368564,1.012733320360133,0.014578883275348571,23.041468743418463,75.35149118498683,28
1069,laplace,54.76177092144085,0.9989199574920444,0.018211631313489664,23.124472798180516,80.93382103046073,23
1070,laplace,50.15132604687096,1.0075807562450934,0.02073918894575157,27.15768688966709,35.219099336093755,14
1071,laplace,55.78065621877528,1.0001744595928834,0.012016149970642043,26.615261097547673,80.49414082211155,12
1072,laplace,64.14719166088365,0.9890465825305956,0.017792795864948613,18.051156101310756,73.60599650204605,22
1073,laplace,65.0230960266505,0.9967005956892887,0.01902945455457345,27.10471357683879,43.05848113094143,24
1074,laplace,68.41172755297362,0.970092589689271,0.01193695250989987,22.968301684962515,38.734367899973414,19
1075,laplace,70.87052847162099,1.002934965176303,0.01274224646548494,23.68458246637809,39.7641349566294,28
1076,laplace,54.59762643504121,0.94170370546691,0.020730237951120455,18.715839370356406,55.34207734642699,31
1077,laplace,67.78660514791423,1.026988205120493,0.019352109390096375,29.12257679612414,47.45056549836311,17
1078,laplace,54.88768167561862,0.9331511805296256,0.01668223010184491,20.07250911983416,80.54871167414717,23
1079,laplace,49.57149495739835,1.0251719137738529,0.011166100629415508,30.696101959158092,47.04895964776241,12
1080,laplace,57.07671500356824,0.9923818222440984,0.01914082886059893,26.76237804755871,35.53384662355347,28
1081,laplace,62.267289929740826,0.979446943518112,0.021366529879733382,21.304267078812657,84.44299581569396,15
1082,laplace,64.29398417179758,0.9356377988915449,0.011441019040671787,23.08996653336599,62.81656297037577,11
1083,laplace,50.05168123984178,1.0093499460837336,0.013882562524539715,18.719723070244154,79.94710953128565,16
1084,laplace,48.152181903167495,0.9396475147044525,0.01836315411001353,26.326988755553046,39.30729676232923,20
1085,laplace,49.68044014407715,1.0167404255017576,0.019072876505542468,23.767382904830505,48.73723718341307,24
1086,laplace,61.81002954557507,0.9686879205892085,0.019845433063241335,29.001303286413048,71.12178524337166,22
1087,laplace,70.18162583175979,0.980045746519223,0.015349989837046791,29.497361121604428,55.82947353284858,14
1088,laplace,68.62142808001607,0.9996268052460906,0.014290007170454267,21.60078834031948,46.066592913933846,16
1089,laplace,51.55219315716635,0.9996087544506497,0.013473617376045815,18.340782301099132,36.23273940590515,26
1090,laplace,57.04387607976,0.9593284608024708,0.014089168796552705,27.911485548539005,69.73325562319711,9
1091,laplace,68.55163405753245,0.9978454475262489,0.020012351761884265,26.98464762451674,67.24847671528723,17
1092,laplace,62.455085472777014,1.021927405198627,0.019683232099191143,28.715238334019467,47.12696358197679,15
1093,laplace,54.55480383433249,0.9622719792490927,0.01186473899551603,26.570366615437695,58.14021782544781,26
1094,laplace,48.80084957867099,0.983068525252243,0.020738828006403576,18.961200934312757,62.35113454486304,14
1095,laplace,70.79040727610098,0.991904759020892,0.013316630403199782,27.419899278697258,81.21536110663818,22
1096,laplace,59.77620169873279,1.013737751011753,0.021961797759832768,25.141792831889184,73.61784569683394,26
1097,laplace,64.43082659388034,0.9736818187953606,0.013253164255985165,29.532906941032273,35.81372702116588,14
1098,laplace,48.58240123419539,0.9635558688370929,0.019024766667422695,24.0503965233145,41.98235866617021,12
1099,laplace,71.8229437982992,0.9463728273024739,0.013418958724309291,27.60157974520582,80.8503779561727,9
1100,laplace,50.9191837314003,1.010310770244333,0.013425281100980428,27.363785017264632,49.44496033117345,19
1101,laplace,53.414199408027585,0.9631532558730642,0.01713786762291464,18.652004443419127,45.98730889167658,27
1102,laplace,62.32601313526921,0.9989220191070506,0.01106004468784524,27.6428314735003,44.695136934854844,26
1103,laplace,69.4234563588038,1.0111547831406722,0.019760373242409875,27.170556582977987,76.9138229806528,20
1104,laplace,54.86148465058409,0.9254464743992952,0.011778361736753538,20.357552690034957,52.80969321224396,13
1105,laplace,66.17101788994614,0.9309035232232813,0.01989003752224132,26.47467994334449,75.85891475221443,16
1106,laplace,52.518013543217634,0.930367709490557,0.011261247762834813,19.688721889582663,51.603787055581925,23
1107,laplace,60.71471268164326,0.9845796380577316,0.015352972550493964,23.986695740413616,75.73532224322257,14
1108,laplace,57.90075388636802,0.9638294192069125,0.011984362477342119,29.10341519888283,71.36114818952424,35
1109,laplace,66.53741846245215,0.9464143922143835,0.01327663602190307,20.928727152391986,64.73639239584153,26
1110,laplace,60.41105980973401,0.9832871478833052,0.019561129303787388,28.04942890181286,66.03742676504363,17
1111,laplace,48.05198528640662,0.9692617947842332,0.011846213948624017,28.2490716285224,78.02364982876088,22
1112,laplace,69.61652524506499,0.9450207702795956,0.017378074489054065,21.443296181998672,64.4647138433487,20
1113,laplace,62.10022128069896,1.0211379396046811,0.019300839728796638,25.83826659190128,44.01851800191091,19
1114,laplace,58.69672460659016,0.9581740440352223,0.010800206546479002,30.83795599359933,43.18636527683175,10
1115,laplace,64.83513390816886,1.006912683558918,0.014825598139962669,29.096863328915983,37.63312756635937,17
1116,laplace,60.86606621084359,1.012986169515307,0.01326030541546179,25.926211115062294,47.02355254513262,18
1117,laplace,59.420180202065424,1.014922220009866,0.02003125319225752,26.86388527342879,76.92604754081856,18
1118,laplace,54.21864323481202,0.9586845549453322,0.012242533362246082,28.616045588803527,65.36608317694042,34
1119,laplace,52.636512079176725,0.9635616697395997,0.01970334601980305,28.253673943675672,55.71061265218607,19
1120,laplace,57.92320255667656,0.9506681058531495,0.018225330808442613,29.2208663727929,73.19288898963353,20
1121,laplace,61.1882972404491,1.0274318042138788,0.01815891781919612,23.434123888424132,35.90164438872991,16
1122,laplace,69.02206436629925,0.9284877480267985,0.020043816449299222,18.148697233176364,70.14704621170766,25
1123,laplace,59.61495937816874,0.9944354958498794,0.020273730100721567,27.501556830118542,47.54735859977506,17
1124,laplace,61.47365573075341,0.9342910961934059,0.021615849121757336,18.983591464356756,40.84358703021714,19
1125,laplace,63.935397251357266,1.0272020304211036,0.013360362079074897,20.866023810290265,66.60602400883772,21
1126,laplace,56.15778756371988,0.9246619708019896,0.010657516075788258,31.719050533308838,81.78273504181493,17
1127,laplace,53.63364920547606,0.9373540378177709,0.015775460549427068,31.15437455829527,39.226875688724355,22
1128,laplace,49.30637551978771,0.922129221480285,0.010438480366845092,29.993782716705773,38.45648732787822,37
1129,laplace,68.99580304448759,0.9426793085523428,0.010789697254564093,31.78314397670618,76.16963136907415,20
1130,laplace,53.78283480072526,0.9810205591404227,0.010397505967705813,30.27135604089493,80.79071548470966,18
1131,laplace,52.215988338182434,0.9493970706822007,0.016084931497371023,24.859230422304428,80.15985856360396,30
1132,laplace,69.35551748800637,0.9754913742419656,0.014255822025001445,18.99797412858633,38.02521997669966,15
1133,laplace,55.53302004471952,1.003448864257814,0.018595659392735414,27.02716657097293,43.79316662968579,34
1134,laplace,62.78881792724738,0.9898133871681469,0.012888411111569768,20.663954132649295,46.795804265183584,22
1135,laplace,69.50610280129166,0.9577399100786501,0.01369435607125576,29.120624388922273,36.44406847561958,18
1136,laplace,67.5921202672678,0.9920797715352236,0.02024143157481857,18.64622877987476,47.65917009147896,14
1137,laplace,65.97027915233707,0.9788494258761471,0.016805976738057855,28.52183569841001,62.92796129215822,26
1138,laplace,53.06525030841162,1.0298537934275227,0.010898333957120476,20.595636188214318,48.21713146230648,30
1139,laplace,56.49443663261117,0.9427642658484796,0.021712419270972127,23.8881881310593,37.19138142671421,23
1140,laplace,59.11965087918276,0.9504507837242244,0.012312422108855598,25.72429042518279,83.74852835268824,16
1141,laplace,62.278530843462505,0.9405824310902936,0.011660541597343789,22.652695142818565,41.71498356606658,19
1142,laplace,68.49667722453538,1.0247905239522048,0.01570481701611341,21.466701259458056,64.69447131013233,16
1143,laplace,71.67782996279573,0.9838429260777332,0.015410190323225114,26.225241416590958,38.8837967059265,9
1144,laplace,57.21314538715416,0.9716040961745896,0.013149656000125487,19.41719866193597,40.79443916669916,12
1145,laplace,59.04803948125619,0.9840859531385461,0.015540012343185708,22.712012073330804,43.39093929479982,13
1146,laplace,51.160959008319196,0.9453195203348845,0.012898739954472004,21.010976234863783,61.04871908700879,12
1147,laplace,63.43477727225425,1.018606176604285,0.021594185334856665,30.02915398150919,59.2058194988531,37
1148,laplace,58.18035292984381,0.9685284039498541,0.014380225226844593,28.93890865595224,67.08741283967703,31
1149,laplace,67.03408326729419,0.9261297617249357,0.014714644771673608,25.80866966279546,84.69566610809804,18
1150,laplace,57.68195823140559,0.9491537617034628,0.014065654939452025,22.3852481747823,65.33657623530594,16
1151,laplace,67.1549914797022,0.9868500288997508,0.021164409028511817,31.610913526727536,76.94906493045698,17
1152,laplace,71.83452635819452,0.927550569933984,0.015702135270714998,20.71840642804762,75.85106413105964,26
1153,laplace,70.83112955574616,0.9250630050971668,0.021918498977142584,29.560885142036216,44.32042495704181,24
1154,laplace,63.647756988144806,1.0271702817333317,0.016444079363904237,27.187358851371037,49.37775342455149,30
1155,laplace,64.58234020015163,1.0280523394222822,0.017462262595099358,26.210254676914484,84.22315922941615,32
1156,laplace,63.37596922828002,1.0210731683323488,0.016635662470286906,24.341878451943415,69.81882892563789,13
1157,laplace,50.603022558885456,0.9204063161719538,0.0185238766061189,24.150879852756553,55.34406474658879,8
1158,laplace,53.94185680284756,1.0010188817641368,0.020096548488339878,28.761306417414684,68.90015790065797,11
1159,laplace,64.89900825894641,0.926732035683077,0.013662950495872902,19.28158849738449,40.20930826849824,15
1160,laplace,68.415113774114,0.9307353268726022,0.016574648054860534,25.060271634120348,41.77025175845596,22
1161,laplace,51.23110669101986,0.9235271444861113,0.019047655024235485,29.35406461760381,49.18931978950792,25
1162,laplace,52.80721862458026,0.9817842311114711,0.020639976121761258,23.951771506738446,75.67247700545471,15
1163,laplace,68.19864704687218,1.023608325927814,0.012092038410668976,21.83803996697784,62.834014856963705,19
1164,laplace,48.53620798973468,0.9810636923314345,0.014655737786738149,24.50552519608245,45.00618863563057,23
1165,laplace,56.49025899793527,0.9669185997429952,0.01193852018109919,27.018259682971614,83.20049063085851,15
1166,laplace,55.66620370387424,1.0194953655643864,0.01607351787769141,28.538264544109573,38.00285872920867,16
1167,laplace,69.87990381752113,0.9322824247353891,0.019520383141554656,29.53163553740216,67.87294666831102,12
1168,laplace,60.558064448895024,0.9371055019111425,0.020973435788135264,24.559985675851227,38.12531123956513,16
1169,laplace,51.5498878371335,0.9972879851670742,0.015514842843103858,28.027234950121304,75.0766043169408,18
1170,laplace,61.96699620841349,0.9892934754083064,0.02020689838508496,21.524905640391477,54.43696787860618,18
1171,laplace,48.897075577075775,1.0155226018743237,0.017844039626608684,29.48183325510535,63.4789968987149,25
1172,laplace,70.60189121165779,0.9362195510951796,0.021486660511345103,19.80336278418499,84.87164118627567,11
1173,laplace,70.51278860740052,0.9674578703826312,0.014466802119389503,18.741219235499695,46.853342709171855,29
1174,laplace,55.9571969121897,0.9759833603692895,0.012655457346019977,22.095864338780967,68.88258954720635,16
1175,laplace,49.57903593302296,0.9444129518520913,0.01728829494106056,29.961536877038725,67.60932614322327,21
1176,laplace,62.183018021616874,0.9834174962065368,0.012641643075520723,18.099899618634844,38.617347401525976,18
1177,laplace,66.7637367073382,1.001313405828002,0.0160089016210126,24.61641266830361,35.81034029214474,27
1178,laplace,65.09583769383856,1.024454063075073,0.017764531222807935,23.26794916565879,76.97695422593793,15
1179,laplace,66.78085218942849,0.9758366247784163,0.01927473026071882,26.786298361399382,37.93933752449031,11
1180,laplace,53.079015407248946,1.0242459826215473,0.016075509638999085,30.840275399516962,35.70856570530013,8
1181,laplace,71.05598434800608,0.9201147379546933,0.01691420135301086,19.008724048382277,61.412822867143035,15
1182,laplace,70.26637770291532,0.952452258994291,0.01580878299548327,27.33104555625228,65.05249539967588,11
1183,laplace,58.78645944463102,0.9388149436706461,0.018580116246654677,28.202902861160414,64.78363969318237,8
1184,laplace,68.93101804463714,0.9809986638940096,0.016202888566385812,29.026933092692275,62.50512671481677,23
1185,laplace,71.35581886922148,1.0073772658131646,0.015753449261397764,28.568159943341705,44.29391656197309,15
1186,laplace,61.1730404227915,0.927972171011215,0.017584984405882045,26.298686906790696,36.88249611661113,37
1187,laplace,50.558323581060975,1.0259000563698069,0.017614889006217674,26.411702561492078,47.609848378843225,21
1188,laplace,69.82631325925482,0.9562676059246717,0.014272720280333284,22.494780277035197,72.93519610086439,21
1189,laplace,69.17924172628271,0.9579554660045038,0.012602960855629067,26.32955793828161,74.60693525693668,28
1190,laplace,48.81084478870146,0.970280313395063,0.010526585893627283,19.926693648488982,35.68157435359376,23
1191,laplace,51.77218356963704,0.9371656250349343,0.016552409778367343,30.738923579287054,38.79773058352728,17
1192,laplace,56.56493310803585,1.0104171731908265,0.016255277494642666,23.605526858518644,62.324487510051355,24
1193,laplace,52.97695460805676,1.0190668012060977,0.012074590735015345,21.88085467509996,50.783390181224846,20
1194,laplace,58.736873185841816,1.0175269908905702,0.011962012017480265,24.637366535458575,36.27003131873005,21
1195,laplace,65.28130197186033,1.0244622223719648,0.0136152249704984,25.71565086503048,76.81705114421725,18
1196,laplace,55.29316950505917,0.9744920380106545,0.013960985200668435,19.238375929879854,40.96079547990201,18
1197,laplace,71.56557462566516,0.9414796580917651,0.011372804019903359,29.74379762312211,57.44609599043797,16
1198,laplace,63.37256101855471,0.9848922962451859,0.015854266186220628,28.22717021000887,73.51032000687474,22
1199,laplace,57.30206088075363,0.949559045027457,0.017910608942577927,20.756542922707638,48.02531897326271,21
1200,laplace,50.22171953757136,1.0005977097452694,0.01857213492547466,27.238704540234707,75.55638851525907,11
1201,laplace,54.416892930090626,1.0150586231698566,0.012405978475964759,25.058655045201146,59.708351974920646,25
1202,laplace,48.58277511604223,1.021574512658012,0.019731685853574425,25.062472814307366,73.52278389521979,16
1203,laplace,69.8498781107039,0.9333495478541629,0.01854019174164883,20.249072169572916,84.76765630938385,19
1204,laplace,65.00604659154023,1.0047573373426002,0.014408507893669651,28.547528104696205,73.44959031750022,14
1205,laplace,64.1366835882408,1.0062110845509262,0.015015904030628162,31.852075043618107,40.82147397650709,18
1206,laplace,51.62046600933681,0.9816917157208631,0.01319136535626221,21.044103487943655,76.84213980828419,10
1207,laplace,64.57686987787946,1.0067241432275331,0.021289713853007042,29.978273795481854,76.3628547813614,14
1208,laplace,48.814525956674764,0.9354351119720463,0.016353648570688994,28.597055071538705,40.468420448043226,16
1209,laplace,58.32812492318858,0.9490089921999174,0.021867474502741627,24.206873949207242,65.63151383246387,32
1210,laplace,63.63782782964318,0.9733004510191445,0.016109598376849187,22.851215251569094,53.17753278441828,12
1211,laplace,67.3085720178311,1.001634627313771,0.011844416102313607,29.357202859716196,77.77564084217397,8
1212,laplace,58.8568587119228,1.0286372851692172,0.021779028396839886,26.584942833104318,72.98863393003062,18
1213,laplace,62.11938508160961,0.9888769889437018,0.013793475560155234,22.75655334402129,79.84928791806107,20
1214,laplace,70.85178762504749,1.0150205090818787,0.015921133001308308,27.89539651191674,48.34594372991171,16
1215,laplace,65.84162037291341,0.9497826672474162,0.019652574588875062,24.104285556798192,35.643197795114794,24
1216,laplace,50.92767474605544,1.0251104877575443,0.01699966299708579,26.341985745003186,63.883887532057905,14
1217,laplace,63.64952274599244,0.9520415305740692,0.019931166345055533,18.97317105093546,48.6179338892626,17
1218,laplace,67.44688464431671,1.029152840866187,0.01654376873265707,25.872431328144415,58.464620383422044,17
1219,laplace,57.42356707483175,1.0167451665898755,0.015508769422489212,18.312352938168555,65.38497468490047,23
1220,laplace,69.54084944094589,0.9462970763984254,0.015702509625754067,31.037263250940676,38.73633400075992,25
1221,laplace,50.731985848780305,0.994473261643849,0.016641237486002713,20.615936561614294,63.28856135801068,11
1222,laplace,57.908655480908,0.9717358512517525,0.016259557420962606,20.631599311997405,54.918495704706494,19
1223,laplace,55.78624132580792,0.9213242689070575,0.021788036098366236,28.71201154149219,82.73193254976076,23
1224,laplace,59.96900698238088,0.9328481194088465,0.01907816249434584,31.723614042142287,75.24659640934982,18
1225,laplace,71.36824368280327,1.0157912744295332,0.018929375681738782,28.601791012069103,80.01536226971528,31
1226,laplace,69.38190128277866,0.9443999688337121,0.019169810046984103,23.563375560091103,38.026822749419125,29
1227,laplace,59.002803988006356,1.0168765151564751,0.019472706955719035,21.486083105810916,44.86401369758697,29
1228,laplace,69.62122072729437,0.9650303386860483,0.011089178401598142,19.85327487046103,83.55254004815225,26
1229,laplace,58.66268563110361,0.9414878166464802,0.011199487191036342,19.6476564130215,45.59620024233721,27
1230,laplace,70.86821796449473,0.9598196597101829,0.02195470669098303,29.165513925171553,72.15185726294447,22
1231,laplace,51.78877215729066,0.9302570065051811,0.018663030837680738,26.236020174056353,76.19373139574549,30
1232,laplace,63.75571997965344,0.9957802119789675,0.01758900768268788,28.841663436352974,69.45282427708526,19
1233,laplace,60.79575595657242,1.0265685825529358,0.018086087390666312,27.684221394772585,52.878942094489986,14
1234,laplace,61.99705526255692,0.972606678166657,0.01886747684981517,25.68858056528034,49.18244668421579,22
1235,laplace,61.487894960221226,0.995684688572987,0.01673349898260942,20.049992997172858,47.90514948080458,20
1236,laplace,58.45153787518035,1.020659522798528,0.015112968681706918,28.53663864213471,82.26646259700101,22
1237,laplace,60.20966978969181,1.012343363103604,0.013126878814207068,18.866157053541492,49.01574537828828,23
1238,laplace,49.52417851979364,1.018123929147241,0.019586204020402374,24.827300892714533,76.22038561668626,11
1239,laplace,51.90457470132104,1.0077489060543097,0.01389549964538507,22.902707737267463,48.59469614039421,24
1240,laplace,54.2052390491108,0.9242813137629263,0.013362227339838629,25.000136093903997,35.89260410162964,10
1241,laplace,53.41066726608657,0.9442821537525519,0.01125771375774161,23.856625753799268,83.91178153402637,26
1242,laplace,63.082036230238444,1.0138913762327981,0.0159213075370288,27.240366658948272,49.46941666546172,9
1243,laplace,58.69951975515688,0.952744852933743,0.014146359445802765,23.188970884234735,82.92874038149571,17
1244,laplace,66.55644469757766,0.9814893515388556,0.019286273647288597,23.253472496221,56.398736008169344,16
1245,laplace,50.23388393529448,0.9802087857611124,0.018718978944835044,21.84012551286078,76.63973655293773,24
1246,laplace,59.63965287822377,1.0137839315848698,0.012614795149556183,20.277956800381123,73.95237272648404,26
1247,laplace,71.31444772946789,0.988504768000362,0.014795542907791703,29.50337219075105,81.9514631982519,22
1248,laplace,68.14924467015845,1.0163218223747312,0.016091964689439974,20.632476945846033,59.15632463565764,18
1249,laplace,58.17732112206947,0.9684758079272453,0.019198001239603538,21.15431308931501,42.73386148824895,18
1250,laplace,49.6090681312291,1.011558088395862,0.014259943962657454,27.77373843942775,78.36172197782608,14
1251,laplace,61.971854058176746,0.951560988343443,0.021845343280794464,23.46744927217931,71.07959936042337,20
1252,laplace,69.18909544585804,1.0297001798628354,0.014961193430270189,19.677838015851385,78.58413966852726,21
1253,laplace,53.01771012695314,0.9392398368721466,0.01600033013364957,25.657046162560835,61.47506793821442,14
1254,laplace,71.90247387060369,0.946488606066195,0.017735736269693325,28.596342367573122,43.044840278536924,18
1255,laplace,67.11467619951794,0.9989405962668524,0.016844150826574956,29.303828354585256,49.10355290040379,14
1256,laplace,66.78736426059663,0.9964283263637014,0.020811578633655712,21.26963624953967,44.32257900606127,18
1257,laplace,63.015310429669185,0.9818312426227191,0.018221055382170375,20.792032218109494,59.17678879031135,16
1258,laplace,49.455919325352845,0.9230029060209924,0.013637141250413761,28.133911462949776,37.76358830711663,26
1259,laplace,64.96441578388304,0.9997766097364131,0.013729299313131023,22.678821596701887,40.31153537144948,24
1260,laplace,68.93201840347268,1.0283210001994638,0.012060009503990745,21.97029143938889,73.00940645457852,26
1261,laplace,62.843518002057195,0.9362300509646881,0.010263427747592917,29.36068401212344,69.29673785675328,21
1262,laplace,53.433244391471085,0.9941672915240134,0.016691568977023334,23.700980632458446,68.0832291909105,26
1263,laplace,51.9945376393697,0.9545772119235011,0.01683415803991223,22.065265887388264,81.03369246239062,10
1264,laplace,61.39244729755452,0.9247237358374442,0.01546649560188449,20.483511384432802,72.91406654361403,22
1265,laplace,63.40324732592797,0.95257615320767,0.01433952586315463,24.74534906769335,64.46053870530329,22
1266,laplace,55.64974211220374,0.9932075094542819,0.020088826139357845,18.210312827176576,42.39235183914825,26
1267,laplace,55.48901520877707,0.972319207118343,0.016917060875234882,21.856615630561507,53.75496701082286,31
1268,laplace,49.69580438819886,1.0198472224320176,0.01100462460083718,24.919515224860525,39.19412710394785,17
1269,laplace,56.39437795947048,0.9986670429641537,0.011890146939323774,29.042605579992887,65.34787425854475,20
1270,laplace,52.457628511073246,0.9536905818307869,0.012215807565646102,24.75219656416616,68.75575620925659,8
1271,laplace,67.73249246550904,0.9216602301647054,0.019579366396041912,31.416354844253593,43.839415874415565,31
1272,laplace,51.701079840659155,0.9952962080962677,0.01703375139023228,19.216434056230902,74.69816119962871,25
1273,laplace,53.90913545914217,0.977548845286802,0.011397870161325074,18.84664744020507,53.62802630325304,15
1274,laplace,64.14636396460477,1.0278716216382657,0.013319735562638463,25.793557474466894,47.403949105740345,16
1275,laplace,61.1497756365304,0.9946263006737021,0.018111580169703,24.319257896290914,55.687614082725815,11
1276,laplace,62.21366422752334,0.9364535936179413,0.017208338298726783,29.43262612086513,38.338548113883164,27
1277,laplace,64.61160096888452,0.9913696985429251,0.01452892640075119,20.529845829972032,78.43003874166672,22
1278,laplace,56.70453452829818,0.9589550930146575,0.013818676808310868,19.3518349625995,42.369317199221584,14
1279,laplace,58.1510995678917,1.0131468172295763,0.016169624453148592,19.050690388431832,72.71421219788598,21
1280,laplace,52.3895746802616,1.0212076703664716,0.012276438113736987,25.123784815934837,69.05643335355524,19
1281,laplace,71.39021310362692,0.9746333079419023,0.015672700813315402,23.072185929512482,83.14452100856649,28
1282,laplace,56.584809914932876,1.0252832630026698,0.010178721271982707,25.526822841883806,42.598767582374585,17
1283,laplace,50.212394166778104,1.0140633126194363,0.013215987450763309,20.540997472412503,64.55409308890127,13
1284,laplace,54.83404343275484,0.9570988263619509,0.01817611034365454,27.621628063509135,70.81924281873327,26
1285,laplace,64.7616859429798,0.9635379892748694,0.016987438918869127,18.76409668123242,59.880118572096066,30
1286,laplace,63.97762106710813,0.9308072171357368,0.010181121107811341,23.767800754728988,75.37887639196387,25
1287,laplace,51.77320820461022,1.018739819894157,0.018397276071542838,23.551627383856193,35.99287106147164,13
1288,laplace,52.614257747435516,0.9332774674372366,0.019034183066070905,22.57274024247151,36.69431609984443,31
1289,laplace,49.70987531273,0.9464634247067726,0.013720202650345565,20.256290279691875,35.979403028728285,16
1290,laplace,57.28836810136771,0.9712552576439221,0.011781611581318208,23.98724641608721,83.2683770894005,11
1291,laplace,55.68953668021294,0.9382413145468376,0.0152779726834646,18.517512206693635,50.897757999710365,24
1292,laplace,61.69869870013622,0.931491562376631,0.018645657965517877,21.598960028420628,67.09215950003713,4
1293,laplace,66.92538278993781,0.9313677894330566,0.011259784422895179,18.10165843583277,71.5253158269673,22
1294,laplace,62.61952577847487,0.9338145865563962,0.01894118490994794,27.278146800471305,74.1760456221017,15
1295,laplace,68.1304243979596,1.0225414641208925,0.011384891906404392,28.828279103271576,52.73572120918904,29
1296,laplace,70.42827110952086,0.9781156338420518,0.017961779413489486,26.391156251932223,46.86053592280636,30
1297,laplace,56.06258914797331,0.9791419351536054,0.01842664867178309,21.533508089682613,72.65478944048701,23
1298,laplace,55.69848755112452,1.01651763489228,0.014656029267960353,24.18507942294805,77.02575495744662,27
1299,laplace,59.47492958669727,1.0172869758478695,0.018782795960531055,20.534238749688075,82.82825275709092,18
1300,laplace,55.26446053569835,0.9403364214875173,0.011560923218499775,19.575555920454814,44.297168090413926,11
1301,laplace,52.35024878208868,0.9908534598152342,0.017502734731673207,24.774411353823027,75.36465545168873,32
1302,laplace,58.473256822455035,0.9614830017162446,0.017530329844834967,25.4788689088043,54.005366522089716,27
1303,laplace,56.64915090241503,0.9348926523946613,0.01386982112600251,30.11842691956015,75.41654219698009,22
1304,laplace,65.44163233427894,0.9648706945303267,0.01096043340549161,23.54100097364336,78.56234440296207,13
1305,laplace,50.941286564665,0.9409206295744754,0.010890821632118733,25.71815453651422,68.65749221638214,15
1306,laplace,65.42320523098925,1.0036002243240132,0.012768500824707636,30.36421677880667,58.39849008862301,19
1307,laplace,60.66624462542126,0.981646553834748,0.021059333545193255,23.74523442387151,79.4133332221077,30
1308,laplace,68.8726181763354,1.0057144062181524,0.018149872362823057,25.897631487397902,84.90948904238633,27
1309,laplace,61.014148209996776,0.9630005393828593,0.01556391982199392,26.965373996732385,80.71165598686451,16
1310,laplace,52.960335220881774,1.0038343983629647,0.01423511888711153,24.018174678493537,52.99727426420944,25
1311,laplace,58.75767024584887,0.9708196176262411,0.014928319255267207,25.658314152752098,41.38729019325702,11
1312,laplace,56.673380680655626,1.0000523203327125,0.018075663217502543,22.258533929941,37.229227470467016,33
1313,laplace,64.45371478648963,0.9404234288636587,0.013234099124928308,28.00290177433343,74.88486529567756,12
1314,laplace,65.88187172433985,0.9701791371631181,0.020933843662794216,24.951043024245863,80.6369167835693,25
1315,laplace,64.89656817732055,1.026396146299976,0.01691817722672191,27.32896293855925,84.02366921682297,24
1316,laplace,53.98568650957873,1.0193343128249666,0.013729764646135983,21.014980927625707,62.485153358553255,16
1317,laplace,70.91774404507251,0.9820379043703745,0.014020357081267793,23.759767406619556,84.23498682558483,19
1318,laplace,69.95271628527362,1.0092644885580582,0.012088357229286447,29.10263799782214,51.731933010525275,11
1319,laplace,66.2580882392765,1.0257048651227558,0.01290311678472262,24.2107758177134,69.73582098925857,25
1320,laplace,52.721564754349586,0.9633871715570306,0.021126093949654902,21.438745525145805,58.068706765895044,15
1321,laplace,60.917832004585456,1.0118428587635258,0.016389025156990415,20.600751499641614,40.97641865424189,17
1322,laplace,54.00685125540109,0.9907584613770111,0.016050364219641525,20.038437803217867,56.11224504559713,18
1323,laplace,61.60845959687707,0.9865519402645769,0.015976280061811822,25.796879946185353,57.729787231959335,24
1324,laplace,58.531181071209986,1.0035495988691958,0.010385905471230769,23.587258341523242,70.5297143568335,23
1325,laplace,61.366232874823424,0.9854912395751261,0.010938223410637968,20.304164425123055,77.52033918940649,10
1326,laplace,67.13217289441025,0.939693408706175,0.010203718027240249,20.462985650374822,45.056108119105915,13
1327,laplace,71.70978463422331,0.9632616422706435,0.016037547496917662,25.0855477964531,69.76423531153476,26
1328,laplace,50.724294184845064,1.010869525351298,0.020398315277035478,23.608746101079486,52.12517575964584,29
1329,laplace,55.662409771100556,1.0122252201736812,0.01987278163206304,30.546033250618848,73.9539494869214,28
1330,laplace,60.08244799993373,0.9652851589320303,0.015376473189576802,25.43667681140655,67.07340384677642,11
1331,laplace,62.180901631434644,0.9910241956674503,0.016570932768784814,29.293620246048366,68.1572841138518,19
1332,laplace,57.29043603439183,0.9416298294000587,0.02210736660573775,21.700301420914574,45.04517580632596,16
1333,laplace,69.9468197384863,0.9772788795037357,0.017918158184722362,21.939898465742985,71.55233318651636,19
1334,laplace,69.68411336768801,1.0110549387446566,0.01912666182516393,26.24538977977133,40.39242144171669,28
1335,laplace,60.018328420622694,0.9208883378318254,0.015423697812747108,29.70172655981643,45.669714083108325,16
1336,laplace,71.32588828402068,1.0290166457834728,0.014598976861506942,26.38142705074558,36.93703319309363,21
1337,laplace,65.09891964867079,0.922983174670141,0.016712789587514935,18.546834932674912,55.407285867046404,14
1338,laplace,59.82449315114894,0.9703725265059895,0.018912534343055315,24.248566136505538,64.84609199242179,20
1339,laplace,54.46564014571861,0.9693702761129892,0.012505281587991081,23.50517988271052,40.32922525150021,24
1340,laplace,52.387979649498526,0.9919253236903667,0.01881481117040851,20.975029241044304,37.778206628511676,15
1341,laplace,48.92689948803388,0.9907073514742637,0.011623338476671302,21.406012513205592,66.28506454310948,36
1342,laplace,66.45918172182715,0.9514317041769472,0.0174619051853113,29.972874876469398,57.94424763180721,16
1343,laplace,52.60240823243183,0.9585386324814664,0.021484567858086678,18.041957970573943,71.02586247684842,32
1344,laplace,58.2650723469652,1.0212607660099933,0.019692733720538484,18.661914648317502,55.96838869995956,20
1345,laplace,69.39990233040407,1.0184491859804288,0.014799285225684964,19.15229725532594,65.35306099071181,31
1346,laplace,57.951784724323915,0.92364134531373,0.01489932603626366,28.11879662107325,65.38060830356382,29
1347,laplace,71.30705218669968,1.0165376749501898,0.018900944230734323,21.57884854944647,56.2678675959715,20
1348,laplace,62.17682830342033,0.9474581859470731,0.021570800727995134,27.548476289272884,76.22400378599946,20
1349,laplace,58.19359933122654,0.9867185645573439,0.01220040584861174,23.554822428215246,61.46896080556933,23
1350,laplace,59.76178873987072,0.9259322380740194,0.01836249059276674,28.70709730686652,44.6088545474655,15
1351,laplace,64.45740992014144,0.9328531478988775,0.01013649039342818,25.021997691432908,63.12562471459377,27
1352,laplace,52.30295641794328,1.009306688259112,0.021028894893042546,27.140487088909396,48.9568245467303,12
1353,laplace,53.29965115783959,0.9449662400372901,0.01044230579989111,23.680289412714444,78.45640155549563,15
1354,laplace,68.7466872067406,1.015412982135127,0.015150852287360687,22.975993297118897,45.45981525163942,20
1355,laplace,64.26054747081375,0.946535701662558,0.018263234415967212,28.593779006884894,46.821158190061325,8
1356,laplace,67.92091477897533,0.9750629525395036,0.012480684910256407,21.271957092153812,82.89881430696917,19
1357,laplace,70.87503220162347,0.9632720129651212,0.014226521048818613,19.397514770108888,51.43594957038228,23
1358,laplace,65.82878290464895,0.9416824383830321,0.01545742279369578,29.556800953665967,74.0429993487156,22
1359,laplace,49.769695300916446,0.979557607572273,0.018728952065661903,18.76913075215365,50.53951083138327,29
1360,laplace,65.34245698350159,0.9628532001735546,0.013981644732992734,19.97892954282532,74.77929114288085,32
1361,laplace,64.11278152899513,1.005855686349776,0.02147788592597986,26.713332150036038,84.90389689438683,16
1362,laplace,67.6010368117813,0.9538883721560596,0.019048359152445248,29.882912176401526,64.63560565191197,18
1363,laplace,56.60238707550562,0.9521422437779146,0.014892423188355094,23.07840375071421,57.97024565244523,25
1364,laplace,62.69664286823072,0.9462128126123169,0.01042229724885699,31.427507313103646,80.27811543972729,18
1365,laplace,67.6821006096234,1.0093983795586892,0.01139719694818328,30.077606311698272,52.94020141842279,31
1366,laplace,71.9922470917712,0.9370029758443086,0.014882445534840789,28.824851541972983,45.75901023239652,22
1367,laplace,61.94199987968422,1.0201928608542963,0.018891684314002993,19.940017525272513,54.321302496975456,24
1368,laplace,71.90233027812734,0.9422352237972813,0.016978607945253604,27.81642611378806,63.92191745909071,16
1369,laplace,49.44670954571051,0.9510791417910038,0.01979365005130341,21.268599915792286,73.39732316985081,13
1370,laplace,53.80081653414763,0.9523053981387093,0.010842514121863798,25.79342268034177,36.576365312118114,26
1371,laplace,64.3361947394012,0.9450948132712249,0.013341323242454593,22.69510794113647,43.03516190704676,24
1372,laplace,59.9249081559032,0.9587356786757494,0.017614173570023647,18.683813635275783,60.99587894569791,22
1373,laplace,56.4487065456818,1.0165613771682327,0.016095227555981466,20.005784269494047,73.85529741677368,28
1374,laplace,64.40133262489005,0.9312022002953214,0.015834348775479554,24.14245825359655,40.30942572784135,16
1375,laplace,62.478445114995175,0.942997579877681,0.011356747525784635,19.23138451981148,71.71407557778747,27
1376,laplace,58.940751603643875,1.0121905472115404,0.010873819299072541,27.11624835115971,81.73329042972689,14
1377,laplace,60.996865890341766,1.025059518131543,0.010279637317409959,23.079564958457006,35.96693249063505,26
1378,laplace,50.01898298629933,0.9822712486467572,0.015841197833549422,25.189525896776168,63.48055619930903,16
1379,laplace,54.21238335810236,0.9661128307905571,0.018132328554406524,26.713126316109182,59.321230859902165,20
1380,laplace,54.163882797656456,0.9582362505608745,0.019301705942113192,24.50174123538079,47.93793510376977,28
1381,laplace,67.53595339442063,1.0051283908891697,0.018922301785793773,28.930054961852715,49.24610335704135,13
1382,laplace,68.80205110698017,0.9749914025174022,0.01319910565172595,24.026481330213677,78.25605647228083,12
1383,laplace,63.950005108621596,0.9699729349567728,0.015174798436410248,30.216242418901228,80.83881989146198,21
1384,laplace,52.68781390778585,0.9344234384040095,0.020007028569058886,20.125250817197916,72.87332313711363,25
1385,laplace,71.36141189262798,0.9560835895653654,0.018227868988726813,29.29634524466649,45.31781915966607,26
1386,laplace,64.85813312233105,1.007006239293193,0.011350423602512887,23.560450929214575,53.51386370488629,30
1387,laplace,58.57326398175554,0.9907899312695239,0.012858983713330094,26.919409976238434,59.07736083120052,25
1388,laplace,57.52311283572521,0.980003169940048,0.018230432312113614,20.673091137295838,75.78526266881053,26
1389,laplace,54.068810730511515,1.0206985924828125,0.014934945120736206,31.47823394960342,44.670794252842654,20
1390,laplace,48.917983165532526,0.966191077322265,0.02158275618127257,25.27476372702865,75.77216936612268,14
1391,laplace,57.08069750538763,0.9947722523416409,0.01770554842046351,23.501338602821498,45.83541779195604,10
1392,laplace,59.76502358517895,0.9374070651042484,0.019254229880395383,31.021357573071494,49.5863143946883,20
1393,laplace,67.9028766285993,0.9524377884914432,0.01960866054963573,24.96864094254603,58.985451201394426,16
1394,laplace,62.33474212437107,0.9380798762002156,0.020555312418586567,22.496286243091994,39.682979572357496,17
1395,laplace,68.52535752858371,1.026292803067713,0.014934655848575028,27.26807225953995,55.18426853010952,29
1396,laplace,63.43398862780293,0.997672033088764,0.011738588920208074,29.182449841605155,76.98446726325345,12
1397,laplace,59.64409204352489,0.9572215258955759,0.018354172301040392,19.82534962758775,67.87331176399431,24
1398,laplace,51.419189037497034,0.9716274891707771,0.01088728977243136,28.82213120894966,46.45477683703465,27
1399,laplace,65.61317152573204,0.9485627494539715,0.013069803331863649,29.479407683306498,63.9261611875157,33
1400,laplace,70.29650487828007,0.9208039781724362,0.01632295559380409,20.987469782506096,47.03687773532934,25
1401,laplace,66.22428081416348,0.9709285753496527,0.021629287724429357,28.97815939450885,48.117095193823765,31
1402,laplace,63.06518667632001,0.9517203765195356,0.011004799042229008,30.311203752199837,52.5487238780378,36
1403,laplace,59.879384348832644,1.0085665455071897,0.015831283970456276,25.60807649902348,76.44368351004476,31
1404,laplace,59.25771830396978,0.9949864052174229,0.02098890712149654,26.094584997822402,43.73736983177775,28
1405,laplace,53.134463840765896,0.9903988271900039,0.019426912115616975,25.359191795877514,45.886009917595345,18
1406,laplace,66.66807135305149,1.0112184869313208,0.01291529766040432,27.619643933879622,42.26435083317655,10
1407,laplace,67.2458495368291,1.0020366151708087,0.017110667642031212,26.396884752244414,68.35657723307963,19
1408,laplace,63.780182078966526,0.935952281413017,0.019499414010011103,30.08558504833446,78.53524281142992,13
1409,laplace,61.417763635704226,0.9882872546909097,0.01212727790866896,27.732789421653365,83.78513509437082,17
1410,laplace,65.25912567310064,1.0152126428884687,0.017759508753762844,27.411705760962022,69.94513043153873,13
1411,laplace,50.393998694077105,0.9289796380406766,0.011792133010577304,26.22175464638893,48.36663431009916,15
1412,laplace,49.99156232865856,1.0218278702669403,0.016945358097521287,24.603868821353096,84.4733984079244,16
1413,laplace,60.189763763986484,0.9381407838499086,0.014226499785783787,30.096418466523176,72.59740809906613,11
1414,laplace,61.238825628322765,1.0175074382063196,0.017488462419911848,26.83774165310326,58.69009621142357,19
1415,laplace,65.20384466065232,0.9293503733736669,0.012215035556132596,30.55371983395336,62.91165041530226,18
1416,laplace,53.51608771610332,0.973008736837708,0.010806663481351226,27.980944758969958,48.20186215358342,29
1417,laplace,64.28901311509944,0.9726251101048481,0.020139599975520794,28.59761246264774,74.41006235879999,23
1418,laplace,58.55564485185025,0.9963233673076336,0.020959494848122172,27.085198229397434,51.884147075406105,9
1419,laplace,67.5130569097956,0.9223572645979203,0.02171011992842054,24.652742116758105,46.87311695678916,20
1420,laplace,53.57488868533607,0.9834801301661489,0.012668808998068633,21.17223375741075,45.46354253444828,28
1421,laplace,57.073551601091424,0.9607273924024027,0.018946291923262637,30.171092401684906,74.90892309726473,20
1422,laplace,49.83858655765302,1.0074881269123857,0.018005273583134355,23.260479641498236,70.24269400414607,18
1423,laplace,53.35068723815614,1.0207983842741042,0.0184808869287497,29.401207670459684,64.43127372968209,26
1424,laplace,55.436029400087435,1.0013549001838702,0.018046033754261268,23.289917570769227,67.7924936646892,23
1425,laplace,58.60966728990442,0.9934099063885806,0.014066804195106381,28.33063013684925,47.018150186158735,17
1426,laplace,61.660396771140846,0.935031025587048,0.01248238901717228,21.250754212947648,69.68859150112297,10
1427,laplace,68.9415581856942,0.9689234786812435,0.017013249499060527,23.70666335230229,49.25317522389294,28
1428,laplace,52.629599974776895,1.0061371591696424,0.017856567759826702,18.461246372645494,44.88380884532636,34
1429,laplace,69.07731792836192,0.9614534465621399,0.010112998537925424,19.632821017359674,76.65253903414308,11
1430,laplace,63.45184107082387,0.9763913895997955,0.022017197788835915,25.756996986790504,45.97860360291858,24
1431,laplace,71.44171919778594,0.9407335193978267,0.01656867773523695,22.68092785629762,69.22654937659806,26
1432,laplace,60.04525286784489,1.012842830743166,0.021729394356510463,28.56747123010662,50.039724762892725,22
1433,laplace,60.20982227642149,0.9592479480070764,0.011940236542626204,22.607455625383828,79.47070643243,28
1434,laplace,63.93955402763881,1.0237645582108919,0.021159465003194017,19.917033808703053,51.18360860863089,20
1435,laplace,58.89398473115008,0.9372223446089643,0.020691291727506472,24.319371118705206,73.05513595919851,29
1436,laplace,71.42369550054195,1.0283112771423202,0.011409475028487215,26.009669224505608,55.68956148831528,15
1437,laplace,71.50256360147807,1.026598582040718,0.019021874716712153,19.492811642960035,50.03786847285817,14
1438,laplace,70.82678580678039,0.9431177201052328,0.016753521653233787,20.525226192867613,71.5894067042039,28
1439,laplace,59.04454903897831,0.9359351292271547,0.017902731859730504,29.563818965367286,47.014885161045456,25
